confounder,target_population,p0_within_multiparous,delta_p_within_multiparous,dilution_factor,p0_whole_cohort,delta_p_whole_cohort,rr_ud,p1_whole_cohort,bias_factor,rd_adjusted_pp_fixed_r0,rr_adjusted,rd_attenuation_pp,source_status
prior_cesarean_history,multiparous women only (birth_order >= 2) -- structurally impossible among first births,0.12,0.0,0.5897,0.070764,0.0,1.0,0.070764,1.0,28.469798451314176,2.7260070309880806,7.105427357601002e-15,HYPOTHETICAL / UNSOURCED
prior_cesarean_history,multiparous women only (birth_order >= 2) -- structurally impossible among first births,0.12,0.0,0.5897,0.070764,0.0,1.25,0.070764,1.0,28.469798451314176,2.7260070309880806,7.105427357601002e-15,HYPOTHETICAL / UNSOURCED
prior_cesarean_history,multiparous women only (birth_order >= 2) -- structurally impossible among first births,0.12,0.0,0.5897,0.070764,0.0,1.5,0.070764,1.0,28.469798451314176,2.7260070309880806,7.105427357601002e-15,HYPOTHETICAL / UNSOURCED
prior_cesarean_history,multiparous women only (birth_order >= 2) -- structurally impossible among first births,0.12,0.0,0.5897,0.070764,0.0,1.75,0.070764,1.0,28.469798451314176,2.7260070309880806,7.105427357601002e-15,HYPOTHETICAL / UNSOURCED
prior_cesarean_history,multiparous women only (birth_order >= 2) -- structurally impossible among first births,0.12,0.0,0.5897,0.070764,0.0,2.0,0.070764,1.0,28.469798451314176,2.7260070309880806,7.105427357601002e-15,HYPOTHETICAL / UNSOURCED
prior_cesarean_history,multiparous women only (birth_order >= 2) -- structurally impossible among first births,0.12,0.0,0.5897,0.070764,0.0,2.25,0.070764,1.0,28.469798451314176,2.7260070309880806,7.105427357601002e-15,HYPOTHETICAL / UNSOURCED
prior_cesarean_history,multiparous women only (birth_order >= 2) -- structurally impossible among first births,0.12,0.0,0.5897,0.070764,0.0,2.5,0.070764,1.0,28.469798451314176,2.7260070309880806,7.105427357601002e-15,HYPOTHETICAL / UNSOURCED
prior_cesarean_history,multiparous women only (birth_order >= 2) -- structurally impossible among first births,0.12,0.0,0.5897,0.070764,0.0,2.75,0.070764,1.0,28.469798451314176,2.7260070309880806,7.105427357601002e-15,HYPOTHETICAL / UNSOURCED
prior_cesarean_history,multiparous women only (birth_order >= 2) -- structurally impossible among first births,0.12,0.0,0.5897,0.070764,0.0,3.0,0.070764,1.0,28.469798451314176,2.7260070309880806,7.105427357601002e-15,HYPOTHETICAL / UNSOURCED
prior_cesarean_history,multiparous women only (birth_order >= 2) -- structurally impossible among first births,0.12,0.0,0.5897,0.070764,0.0,3.25,0.070764,1.0,28.469798451314176,2.7260070309880806,7.105427357601002e-15,HYPOTHETICAL / UNSOURCED
prior_cesarean_history,multiparous women only (birth_order >= 2) -- structurally impossible among first births,0.12,0.0,0.5897,0.070764,0.0,3.5,0.070764,1.0,28.469798451314176,2.7260070309880806,7.105427357601002e-15,HYPOTHETICAL / UNSOURCED
prior_cesarean_history,multiparous women only (birth_order >= 2) -- structurally impossible among first births,0.12,0.0,0.5897,0.070764,0.0,3.75,0.070764,1.0,28.469798451314176,2.7260070309880806,7.105427357601002e-15,HYPOTHETICAL / UNSOURCED
prior_cesarean_history,multiparous women only (birth_order >= 2) -- structurally impossible among first births,0.12,0.0,0.5897,0.070764,0.0,4.0,0.070764,1.0,28.469798451314176,2.7260070309880806,7.105427357601002e-15,HYPOTHETICAL / UNSOURCED
prior_cesarean_history,multiparous women only (birth_order >= 2) -- structurally impossible among first births,0.12,0.0,0.5897,0.070764,0.0,4.25,0.070764,1.0,28.469798451314176,2.7260070309880806,7.105427357601002e-15,HYPOTHETICAL / UNSOURCED
prior_cesarean_history,multiparous women only (birth_order >= 2) -- structurally impossible among first births,0.12,0.0,0.5897,0.070764,0.0,4.5,0.070764,1.0,28.469798451314176,2.7260070309880806,7.105427357601002e-15,HYPOTHETICAL / UNSOURCED
prior_cesarean_history,multiparous women only (birth_order >= 2) -- structurally impossible among first births,0.12,0.0,0.5897,0.070764,0.0,4.75,0.070764,1.0,28.469798451314176,2.7260070309880806,7.105427357601002e-15,HYPOTHETICAL / UNSOURCED
prior_cesarean_history,multiparous women only (birth_order >= 2) -- structurally impossible among first births,0.12,0.0,0.5897,0.070764,0.0,5.0,0.070764,1.0,28.469798451314176,2.7260070309880806,7.105427357601002e-15,HYPOTHETICAL / UNSOURCED
prior_cesarean_history,multiparous women only (birth_order >= 2) -- structurally impossible among first births,0.12,0.0,0.5897,0.070764,0.0,5.25,0.070764,1.0,28.469798451314176,2.7260070309880806,7.105427357601002e-15,HYPOTHETICAL / UNSOURCED
prior_cesarean_history,multiparous women only (birth_order >= 2) -- structurally impossible among first births,0.12,0.0,0.5897,0.070764,0.0,5.5,0.070764,1.0,28.469798451314176,2.7260070309880806,7.105427357601002e-15,HYPOTHETICAL / UNSOURCED
prior_cesarean_history,multiparous women only (birth_order >= 2) -- structurally impossible among first births,0.12,0.0,0.5897,0.070764,0.0,5.75,0.070764,1.0,28.469798451314176,2.7260070309880806,7.105427357601002e-15,HYPOTHETICAL / UNSOURCED
prior_cesarean_history,multiparous women only (birth_order >= 2) -- structurally impossible among first births,0.12,0.0,0.5897,0.070764,0.0,6.0,0.070764,1.0,28.469798451314176,2.7260070309880806,7.105427357601002e-15,HYPOTHETICAL / UNSOURCED
prior_cesarean_history,multiparous women only (birth_order >= 2) -- structurally impossible among first births,0.12,0.0,0.5897,0.070764,0.0,6.25,0.070764,1.0,28.469798451314176,2.7260070309880806,7.105427357601002e-15,HYPOTHETICAL / UNSOURCED
prior_cesarean_history,multiparous women only (birth_order >= 2) -- structurally impossible among first births,0.12,0.0,0.5897,0.070764,0.0,6.5,0.070764,1.0,28.469798451314176,2.7260070309880806,7.105427357601002e-15,HYPOTHETICAL / UNSOURCED
prior_cesarean_history,multiparous women only (birth_order >= 2) -- structurally impossible among first births,0.12,0.0,0.5897,0.070764,0.0,6.75,0.070764,1.0,28.469798451314176,2.7260070309880806,7.105427357601002e-15,HYPOTHETICAL / UNSOURCED
prior_cesarean_history,multiparous women only (birth_order >= 2) -- structurally impossible among first births,0.12,0.0,0.5897,0.070764,0.0,7.0,0.070764,1.0,28.469798451314176,2.7260070309880806,7.105427357601002e-15,HYPOTHETICAL / UNSOURCED
prior_cesarean_history,multiparous women only (birth_order >= 2) -- structurally impossible among first births,0.12,0.0,0.5897,0.070764,0.0,7.25,0.070764,1.0,28.469798451314176,2.7260070309880806,7.105427357601002e-15,HYPOTHETICAL / UNSOURCED
prior_cesarean_history,multiparous women only (birth_order >= 2) -- structurally impossible among first births,0.12,0.0,0.5897,0.070764,0.0,7.5,0.070764,1.0,28.469798451314176,2.7260070309880806,7.105427357601002e-15,HYPOTHETICAL / UNSOURCED
prior_cesarean_history,multiparous women only (birth_order >= 2) -- structurally impossible among first births,0.12,0.0,0.5897,0.070764,0.0,7.75,0.070764,1.0,28.469798451314176,2.7260070309880806,7.105427357601002e-15,HYPOTHETICAL / UNSOURCED
prior_cesarean_history,multiparous women only (birth_order >= 2) -- structurally impossible among first births,0.12,0.0,0.5897,0.070764,0.0,8.0,0.070764,1.0,28.469798451314176,2.7260070309880806,7.105427357601002e-15,HYPOTHETICAL / UNSOURCED
prior_cesarean_history,multiparous women only (birth_order >= 2) -- structurally impossible among first births,0.12,0.03,0.5897,0.070764,0.017691,1.0,0.08845499999999999,1.0,28.469798451314176,2.7260070309880806,7.105427357601002e-15,HYPOTHETICAL / UNSOURCED
prior_cesarean_history,multiparous women only (birth_order >= 2) -- structurally impossible among first births,0.12,0.03,0.5897,0.070764,0.017691,1.25,0.08845499999999999,1.0043458672622636,28.275234685172553,2.7142114283985417,0.19456376614163062,HYPOTHETICAL / UNSOURCED
prior_cesarean_history,multiparous women only (birth_order >= 2) -- structurally impossible among first births,0.12,0.03,0.5897,0.070764,0.017691,1.5,0.08845499999999999,1.0085432236604461,28.088911526529813,2.7029154200195844,0.38088692478437025,HYPOTHETICAL / UNSOURCED
prior_cesarean_history,multiparous women only (birth_order >= 2) -- structurally impossible among first births,0.12,0.03,0.5897,0.070764,0.017691,1.75,0.08845499999999999,1.0125995538770818,27.910316295038783,2.6920879241459623,0.5594821562754007,HYPOTHETICAL / UNSOURCED
prior_cesarean_history,multiparous women only (birth_order >= 2) -- structurally impossible among first births,0.12,0.03,0.5897,0.070764,0.017691,2.0,0.08845499999999999,1.016521847951556,27.738977974123557,2.68170038497588,0.7308204771906261,HYPOTHETICAL / UNSOURCED
prior_cesarean_history,multiparous women only (birth_order >= 2) -- structurally impossible among first births,0.12,0.03,0.5897,0.070764,0.017691,2.25,0.08845499999999999,1.0203166414780585,27.574463062914624,2.6717265211308447,0.895335388399559,HYPOTHETICAL / UNSOURCED
prior_cesarean_history,multiparous women only (birth_order >= 2) -- structurally impossible among first births,0.12,0.03,0.5897,0.070764,0.017691,2.5,0.08845499999999999,1.0239900519461267,27.41637191408879,2.6621421036339314,1.0534265372253948,HYPOTHETICAL / UNSOURCED
prior_cesarean_history,multiparous women only (birth_order >= 2) -- structurally impossible among first births,0.12,0.03,0.5897,0.070764,0.017691,2.75,0.08845499999999999,1.0275478116488423,27.26433549247974,2.652924759397644,1.2054629588344419,HYPOTHETICAL / UNSOURCED
prior_cesarean_history,multiparous women only (birth_order >= 2) -- structurally impossible among first births,0.12,0.03,0.5897,0.070764,0.017691,3.0,0.08845499999999999,1.0309952975310288,27.11801249911643,2.6440537968661673,1.3517859521977549,HYPOTHETICAL / UNSOURCED
prior_cesarean_history,multiparous women only (birth_order >= 2) -- structurally impossible among first births,0.12,0.03,0.5897,0.070764,0.017691,3.25,0.08845499999999999,1.0343375583043413,26.97708681351202,2.635510050951844,1.492711637802163,HYPOTHETICAL / UNSOURCED
prior_cesarean_history,multiparous women only (birth_order >= 2) -- structurally impossible among first births,0.12,0.03,0.5897,0.070764,0.017691,3.5,0.08845499999999999,1.03757933911684,26.84126521386032,2.62727574482004,1.628533237453862,HYPOTHETICAL / UNSOURCED
prior_cesarean_history,multiparous women only (birth_order >= 2) -- structurally impossible among first births,0.12,0.03,0.5897,0.070764,0.017691,3.75,0.08845499999999999,1.0407251040305507,26.710275340537947,2.6193343664246402,1.759523110776236,HYPOTHETICAL / UNSOURCED
prior_cesarean_history,multiparous women only (birth_order >= 2) -- structurally impossible among first births,0.12,0.03,0.5897,0.070764,0.017691,4.0,0.08845499999999999,1.0437790565309348,26.583863873147745,2.6116705579896724,1.885934578166438,HYPOTHETICAL / UNSOURCED
prior_cesarean_history,multiparous women only (birth_order >= 2) -- structurally impossible among first births,0.12,0.03,0.5897,0.070764,0.017691,4.25,0.08845499999999999,1.0467451582664151,26.461794895428923,2.604270016880521,2.00800355588526,HYPOTHETICAL / UNSOURCED
prior_cesarean_history,multiparous women only (birth_order >= 2) -- structurally impossible among first births,0.12,0.03,0.5897,0.070764,0.017691,4.5,0.08845499999999999,1.049627146193637,26.34384842582776,2.5971194065184573,2.125950025486425,HYPOTHETICAL / UNSOURCED
prior_cesarean_history,multiparous women only (birth_order >= 2) -- structurally impossible among first births,0.12,0.03,0.5897,0.070764,0.017691,4.75,0.08845499999999999,1.0524285482844873,26.229819094472557,2.590206276171064,2.2399793568416264,HYPOTHETICAL / UNSOURCED
prior_cesarean_history,multiparous women only (birth_order >= 2) -- structurally impossible among first births,0.12,0.03,0.5897,0.070764,0.017691,5.0,0.08845499999999999,1.0551526979336834,26.119514949813173,2.5835189886036862,2.3502835015010106,HYPOTHETICAL / UNSOURCED
prior_cesarean_history,multiparous women only (birth_order >= 2) -- structurally impossible among first births,0.12,0.03,0.5897,0.070764,0.017691,5.25,0.08845499999999999,1.0578027471906528,26.01275638033713,2.5770466547075053,2.457042070977053,HYPOTHETICAL / UNSOURCED
prior_cesarean_history,multiparous women only (birth_order >= 2) -- structurally impossible among first births,0.12,0.03,0.5897,0.070764,0.017691,5.5,0.08845499999999999,1.0603816789261231,25.909375138621048,2.570779074331783,2.5604233126931355,HYPOTHETICAL / UNSOURCED
prior_cesarean_history,multiparous women only (birth_order >= 2) -- structurally impossible among first births,0.12,0.03,0.5897,0.070764,0.017691,5.75,0.08845499999999999,1.062892318032166,25.809213456562713,2.5647066826440117,2.6605849947514706,HYPOTHETICAL / UNSOURCED
prior_cesarean_history,multiparous women only (birth_order >= 2) -- structurally impossible among first births,0.12,0.03,0.5897,0.070764,0.017691,6.0,0.08845499999999999,1.065337341744102,25.712123242007618,2.5588205014246816,2.7576752093065657,HYPOTHETICAL / UNSOURCED
prior_cesarean_history,multiparous women only (birth_order >= 2) -- structurally impossible among first births,0.12,0.03,0.5897,0.070764,0.017691,6.25,0.08845499999999999,1.0677192891635576,25.617965348166027,2.5531120947750336,2.851833103148156,HYPOTHETICAL / UNSOURCED
prior_cesarean_history,multiparous women only (birth_order >= 2) -- structurally impossible among first births,0.12,0.03,0.5897,0.070764,0.017691,6.5,0.08845499999999999,1.070040570053887,25.52660890824051,2.547573528778259,2.9431895430736716,HYPOTHETICAL / UNSOURCED
prior_cesarean_history,multiparous women only (birth_order >= 2) -- structurally impossible among first births,0.12,0.03,0.5897,0.070764,0.017691,6.75,0.08845499999999999,1.072303472972003,25.437930728572894,2.542197334708488,3.031867722741289,HYPOTHETICAL / UNSOURCED
prior_cesarean_history,multiparous women only (birth_order >= 2) -- structurally impossible among first births,0.12,0.03,0.5897,0.070764,0.017691,7.0,0.08845499999999999,1.0745101727943036,25.351814734392754,2.536976475428798,3.1179837169214295,HYPOTHETICAL / UNSOURCED
prior_cesarean_history,multiparous women only (birth_order >= 2) -- structurally impossible among first births,0.12,0.03,0.5897,0.070764,0.017691,7.25,0.08845499999999999,1.0766627376887208,25.26815146292385,2.531904314660335,3.2016469883903333,HYPOTHETICAL / UNSOURCED
prior_cesarean_history,multiparous women only (birth_order >= 2) -- structurally impossible among first births,0.12,0.03,0.5897,0.070764,0.017691,7.5,0.08845499999999999,1.0787631355798697,25.186837599193794,2.526974588840362,3.2829608521203895,HYPOTHETICAL / UNSOURCED
prior_cesarean_history,multiparous women only (birth_order >= 2) -- structurally impossible among first births,0.12,0.03,0.5897,0.070764,0.017691,7.75,0.08845499999999999,1.0808132401497779,25.107775550408206,2.522181381318306,3.362022900905977,HYPOTHETICAL / UNSOURCED
prior_cesarean_history,multiparous women only (birth_order >= 2) -- structurally impossible among first births,0.12,0.03,0.5897,0.070764,0.017691,8.0,0.08845499999999999,1.0828148364126613,25.030873055202147,2.517519098666282,3.4389253961120367,HYPOTHETICAL / UNSOURCED
prior_cesarean_history,multiparous women only (birth_order >= 2) -- structurally impossible among first births,0.12,0.06,0.5897,0.070764,0.035382,1.0,0.10614599999999999,1.0,28.469798451314176,2.7260070309880806,7.105427357601002e-15,HYPOTHETICAL / UNSOURCED
prior_cesarean_history,multiparous women only (birth_order >= 2) -- structurally impossible among first births,0.12,0.06,0.5897,0.070764,0.035382,1.25,0.10614599999999999,1.0086917345245268,28.082347443726754,2.70251746662032,0.3874510075874298,HYPOTHETICAL / UNSOURCED
prior_cesarean_history,multiparous women only (birth_order >= 2) -- structurally impossible among first births,0.12,0.06,0.5897,0.070764,0.035382,1.5,0.10614599999999999,1.017086447320892,27.71442327551866,2.680211734379764,0.7553751757955247,HYPOTHETICAL / UNSOURCED
prior_cesarean_history,multiparous women only (birth_order >= 2) -- structurally impossible among first births,0.12,0.06,0.5897,0.070764,0.035382,1.75,0.10614599999999999,1.0251991077541633,27.36458605391421,2.6590025394772008,1.1052123973999741,HYPOTHETICAL / UNSOURCED
prior_cesarean_history,multiparous women only (birth_order >= 2) -- structurally impossible among first births,0.12,0.06,0.5897,0.070764,0.035382,2.0,0.10614599999999999,1.033043695903112,27.03153405854773,2.6388109639495343,1.4382643927664525,HYPOTHETICAL / UNSOURCED
prior_cesarean_history,multiparous women only (birth_order >= 2) -- structurally impossible among first births,0.12,0.06,0.5897,0.070764,0.035382,2.25,0.10614599999999999,1.0406332829561167,26.714087555938548,2.619565485397833,1.7557108953756355,HYPOTHETICAL / UNSOURCED
prior_cesarean_history,multiparous women only (birth_order >= 2) -- structurally impossible among first births,0.12,0.06,0.5897,0.070764,0.035382,2.5,0.10614599999999999,1.0479801038922532,26.41117483705184,2.6012011305019507,2.058623614262345,HYPOTHETICAL / UNSOURCED
prior_cesarean_history,multiparous women only (birth_order >= 2) -- structurally impossible among first births,0.12,0.06,0.5897,0.070764,0.035382,2.75,0.10614599999999999,1.0550956232976847,26.121820129685624,2.583658742198161,2.3479783216285597,HYPOTHETICAL / UNSOURCED
prior_cesarean_history,multiparous women only (birth_order >= 2) -- structurally impossible among first births,0.12,0.06,0.5897,0.070764,0.035382,3.0,0.10614599999999999,1.0619905950620572,25.845133098410678,2.56688434310361,2.6246653529035058,HYPOTHETICAL / UNSOURCED
prior_cesarean_history,multiparous women only (birth_order >= 2) -- structurally impossible among first births,0.12,0.06,0.5897,0.070764,0.035382,3.25,0.10614599999999999,1.068675116608682,25.580299694018606,2.5508285807559097,2.889498757295577,HYPOTHETICAL / UNSOURCED
prior_cesarean_history,multiparous women only (birth_order >= 2) -- structurally impossible among first births,0.12,0.06,0.5897,0.070764,0.035382,3.5,0.10614599999999999,1.0751586782336797,25.326574154370128,2.5354462426574007,3.143224296944055,HYPOTHETICAL / UNSOURCED
prior_cesarean_history,multiparous women only (birth_order >= 2) -- structurally impossible among first births,0.12,0.06,0.5897,0.070764,0.035382,3.75,0.10614599999999999,1.0814502080611015,25.083271991090346,2.5206958310872714,3.3865264602238376,HYPOTHETICAL / UNSOURCED
prior_cesarean_history,multiparous women only (birth_order >= 2) -- structurally impossible among first births,0.12,0.06,0.5897,0.070764,0.035382,4.0,0.10614599999999999,1.0875581130618694,24.849763823214012,2.5065391892607787,3.6200346281001714,HYPOTHETICAL / UNSOURCED
prior_cesarean_history,multiparous women only (birth_order >= 2) -- structurally impossible among first births,0.12,0.06,0.5897,0.070764,0.035382,4.25,0.10614599999999999,1.0934903165328302,24.62546994080829,2.4929411717440084,3.8443285105058926,HYPOTHETICAL / UNSOURCED
prior_cesarean_history,multiparous women only (birth_order >= 2) -- structurally impossible among first births,0.12,0.06,0.5897,0.070764,0.035382,4.5,0.10614599999999999,1.0992542923872741,24.40985549970559,2.4798693531302503,4.059942951608594,HYPOTHETICAL / UNSOURCED
prior_cesarean_history,multiparous women only (birth_order >= 2) -- structurally impossible among first births,0.12,0.06,0.5897,0.070764,0.035382,4.75,0.10614599999999999,1.1048570965689741,24.202426263492296,2.4672937698942508,4.267372187821888,HYPOTHETICAL / UNSOURCED
prior_cesarean_history,multiparous women only (birth_order >= 2) -- structurally impossible among first births,0.12,0.06,0.5897,0.070764,0.035382,5.0,0.10614599999999999,1.1103053958673665,24.002724821395432,2.4551866910982034,4.467073629918751,HYPOTHETICAL / UNSOURCED
prior_cesarean_history,multiparous women only (birth_order >= 2) -- structurally impossible among first births,0.12,0.06,0.5897,0.070764,0.035382,5.25,0.10614599999999999,1.1156054943813054,23.810327221147958,2.4435224142561927,4.6594712301662256,HYPOTHETICAL / UNSOURCED
prior_cesarean_history,multiparous women only (birth_order >= 2) -- structurally impossible among first births,0.12,0.06,0.5897,0.070764,0.035382,5.5,0.10614599999999999,1.1207633578522465,23.624839964666265,2.432277083194451,4.8449584866479185,HYPOTHETICAL / UNSOURCED
prior_cesarean_history,multiparous women only (birth_order >= 2) -- structurally impossible among first births,0.12,0.06,0.5897,0.070764,0.035382,5.75,0.10614599999999999,1.125784636064332,23.445897321735472,2.421428525191123,5.023901129578711,HYPOTHETICAL / UNSOURCED
prior_cesarean_history,multiparous women only (birth_order >= 2) -- structurally impossible among first births,0.12,0.06,0.5897,0.070764,0.035382,6.0,0.10614599999999999,1.1306746834882038,23.273158923111804,2.4109561050559427,5.196639528202379,HYPOTHETICAL / UNSOURCED
prior_cesarean_history,multiparous women only (birth_order >= 2) -- structurally impossible among first births,0.12,0.06,0.5897,0.070764,0.035382,6.25,0.10614599999999999,1.135438578327115,23.10630759971269,2.400840594129196,5.363490851601494,HYPOTHETICAL / UNSOURCED
prior_cesarean_history,multiparous women only (birth_order >= 2) -- structurally impossible among first births,0.12,0.06,0.5897,0.070764,0.035382,6.5,0.10614599999999999,1.140081140107774,22.94504743903189,2.3910640524501496,5.5247510122822945,HYPOTHETICAL / UNSOURCED
prior_cesarean_history,multiparous women only (birth_order >= 2) -- structurally impossible among first births,0.12,0.06,0.5897,0.070764,0.035382,6.75,0.10614599999999999,1.1446069459440056,22.789102033722738,2.3816097225758384,5.680696417591445,HYPOTHETICAL / UNSOURCED
prior_cesarean_history,multiparous women only (birth_order >= 2) -- structurally impossible among first births,0.12,0.06,0.5897,0.070764,0.035382,7.0,0.10614599999999999,1.1490203455886068,22.6382129005417,2.372461933728104,5.831585550772484,HYPOTHETICAL / UNSOURCED
prior_cesarean_history,multiparous women only (birth_order >= 2) -- structurally impossible among first births,0.12,0.06,0.5897,0.070764,0.035382,7.25,0.10614599999999999,1.1533254753774418,22.49213805062793,2.3636060151155136,5.977660400686254,HYPOTHETICAL / UNSOURCED
prior_cesarean_history,multiparous women only (birth_order >= 2) -- structurally impossible among first births,0.12,0.06,0.5897,0.070764,0.035382,7.5,0.10614599999999999,1.1575262711597392,22.350650694484376,2.3550282174216766,6.119147756829808,HYPOTHETICAL / UNSOURCED
prior_cesarean_history,multiparous women only (birth_order >= 2) -- structurally impossible among first births,0.12,0.06,0.5897,0.070764,0.035382,7.75,0.10614599999999999,1.1616264802995555,22.21353806708311,2.346715641576205,6.256260384231073,HYPOTHETICAL / UNSOURCED
prior_cesarean_history,multiparous women only (birth_order >= 2) -- structurally impossible among first births,0.12,0.06,0.5897,0.070764,0.035382,8.0,0.10614599999999999,1.1656296728253221,22.08060036029336,2.3386561740322067,6.389198091020823,HYPOTHETICAL / UNSOURCED
prior_cesarean_history,multiparous women only (birth_order >= 2) -- structurally impossible among first births,0.12,0.09,0.5897,0.070764,0.053072999999999995,1.0,0.12383699999999999,1.0,28.469798451314176,2.7260070309880806,7.105427357601002e-15,HYPOTHETICAL / UNSOURCED
prior_cesarean_history,multiparous women only (birth_order >= 2) -- structurally impossible among first births,0.12,0.09,0.5897,0.070764,0.053072999999999995,1.25,0.12383699999999999,1.01303760178679,27.891115150421935,2.6909238375554523,0.5786833008922478,HYPOTHETICAL / UNSOURCED
prior_cesarean_history,multiparous women only (birth_order >= 2) -- structurally impossible among first births,0.12,0.09,0.5897,0.070764,0.053072999999999995,1.5,0.12383699999999999,1.0256296709813382,27.346173800504552,2.6578862801227223,1.1236246508096315,HYPOTHETICAL / UNSOURCED
prior_cesarean_history,multiparous women only (birth_order >= 2) -- structurally impossible among first births,0.12,0.09,0.5897,0.070764,0.053072999999999995,1.75,0.12383699999999999,1.037798661631245,26.832106856233057,2.6267205111859138,1.637691595081126,HYPOTHETICAL / UNSOURCED
prior_cesarean_history,multiparous women only (birth_order >= 2) -- structurally impossible among first births,0.12,0.09,0.5897,0.070764,0.053072999999999995,2.0,0.12383699999999999,1.0495655438546683,26.34636275067292,2.59727183971423,2.123435700641263,HYPOTHETICAL / UNSOURCED
prior_cesarean_history,multiparous women only (birth_order >= 2) -- structurally impossible among first births,0.12,0.09,0.5897,0.070764,0.053072999999999995,2.25,0.12383699999999999,1.0609499244341751,25.886663539526094,2.5694021632942876,2.5831349117880897,HYPOTHETICAL / UNSOURCED
prior_cesarean_history,multiparous women only (birth_order >= 2) -- structurally impossible among first births,0.12,0.09,0.5897,0.070764,0.053072999999999995,2.5,0.12383699999999999,1.0719701558383794,25.45096918064889,2.542987802543898,3.018829270665293,HYPOTHETICAL / UNSOURCED
prior_cesarean_history,multiparous women only (birth_order >= 2) -- structurally impossible among first births,0.12,0.09,0.5897,0.070764,0.053072999999999995,2.75,0.12383699999999999,1.082643434946527,25.03744726700599,2.517917666145291,3.4323511843081924,HYPOTHETICAL / UNSOURCED
prior_cesarean_history,multiparous women only (birth_order >= 2) -- structurally impossible among first births,0.12,0.09,0.5897,0.070764,0.053072999999999995,3.0,0.12383699999999999,1.0929858925930858,24.64444726582572,2.4940916890708325,3.825351185488465,HYPOTHETICAL / UNSOURCED
prior_cesarean_history,multiparous women only (birth_order >= 2) -- structurally impossible among first births,0.12,0.09,0.5897,0.070764,0.053072999999999995,3.25,0.12383699999999999,1.1030126749130233,24.270478500203474,2.471419497698008,4.199319951110709,HYPOTHETICAL / UNSOURCED
prior_cesarean_history,multiparous women only (birth_order >= 2) -- structurally impossible among first births,0.12,0.09,0.5897,0.070764,0.053072999999999995,3.5,0.12383699999999999,1.1127380173505197,23.91419125384327,2.4498192642674583,4.555607197470913,HYPOTHETICAL / UNSOURCED
prior_cesarean_history,multiparous women only (birth_order >= 2) -- structurally impossible among first births,0.12,0.09,0.5897,0.070764,0.053072999999999995,3.75,0.12383699999999999,1.1221753120916522,23.574360494048225,2.429216720074695,4.895437957265958,HYPOTHETICAL / UNSOURCED
prior_cesarean_history,multiparous women only (birth_order >= 2) -- structurally impossible among first births,0.12,0.09,0.5897,0.070764,0.053072999999999995,4.0,0.12383699999999999,1.1313371695928043,23.24987179924599,2.4095443023137273,5.219926652068192,HYPOTHETICAL / UNSOURCED
prior_cesarean_history,multiparous women only (birth_order >= 2) -- structurally impossible among first births,0.12,0.09,0.5897,0.070764,0.053072999999999995,4.25,0.12383699999999999,1.1402354747992454,22.939709150396677,2.3907404139202324,5.530089300917506,HYPOTHETICAL / UNSOURCED
prior_cesarean_history,multiparous women only (birth_order >= 2) -- structurally impossible among first births,0.12,0.09,0.5897,0.070764,0.053072999999999995,4.5,0.12383699999999999,1.1488814385809114,22.642944304489742,2.372748779330286,5.8268541468244415,HYPOTHETICAL / UNSOURCED
prior_cesarean_history,multiparous women only (birth_order >= 2) -- structurally impossible among first births,0.12,0.09,0.5897,0.070764,0.053072999999999995,4.75,0.12383699999999999,1.1572856448534614,22.35872751599671,2.355517881960123,6.111070935317475,HYPOTHETICAL / UNSOURCED
prior_cesarean_history,multiparous women only (birth_order >= 2) -- structurally impossible among first births,0.12,0.09,0.5897,0.070764,0.053072999999999995,5.0,0.12383699999999999,1.16545809380105,22.08627941092609,2.3390004715634376,6.383519040388094,HYPOTHETICAL / UNSOURCED
prior_cesarean_history,multiparous women only (birth_order >= 2) -- structurally impossible among first births,0.12,0.09,0.5897,0.070764,0.053072999999999995,5.25,0.12383699999999999,1.1734082415719582,21.824883849826403,2.3231531315445517,6.6449146014877805,HYPOTHETICAL / UNSOURCED
prior_cesarean_history,multiparous women only (birth_order >= 2) -- structurally impossible among first births,0.12,0.09,0.5897,0.070764,0.053072999999999995,5.5,0.12383699999999999,1.1811450367783696,21.57388164211226,2.3079358978838003,6.895916809201925,HYPOTHETICAL / UNSOURCED
prior_cesarean_history,multiparous women only (birth_order >= 2) -- structurally impossible among first births,0.12,0.09,0.5897,0.070764,0.053072999999999995,5.75,0.12383699999999999,1.188676954096498,21.332664995549194,2.293311922632581,7.137133455764989,HYPOTHETICAL / UNSOURCED
prior_cesarean_history,multiparous women only (birth_order >= 2) -- structurally impossible among first births,0.12,0.09,0.5897,0.070764,0.053072999999999995,6.0,0.12383699999999999,1.1960120252323057,21.10067260250269,2.2792471760127984,7.369125848811493,HYPOTHETICAL / UNSOURCED
prior_cesarean_history,multiparous women only (birth_order >= 2) -- structurally impossible among first births,0.12,0.09,0.5897,0.070764,0.053072999999999995,6.25,0.12383699999999999,1.2031578674906727,20.87738527932439,2.2657101820507473,7.592413171989794,HYPOTHETICAL / UNSOURCED
prior_cesarean_history,multiparous women only (birth_order >= 2) -- structurally impossible among first births,0.12,0.09,0.5897,0.070764,0.053072999999999995,6.5,0.12383699999999999,1.210121710161661,20.66232208756941,2.252671783422439,7.807476363744772,HYPOTHETICAL / UNSOURCED
prior_cesarean_history,multiparous women only (birth_order >= 2) -- structurally impossible among first births,0.12,0.09,0.5897,0.070764,0.053072999999999995,6.75,0.12383699999999999,1.2169104189160085,20.455036876054162,2.2401049318127586,8.014761575260021,HYPOTHETICAL / UNSOURCED
prior_cesarean_history,multiparous women only (birth_order >= 2) -- structurally impossible among first births,0.12,0.09,0.5897,0.070764,0.053072999999999995,7.0,0.12383699999999999,1.2235305183829104,20.255115191430264,2.2279845006162424,8.21468325988392,HYPOTHETICAL / UNSOURCED
prior_cesarean_history,multiparous women only (birth_order >= 2) -- structurally impossible among first births,0.12,0.09,0.5897,0.070764,0.053072999999999995,7.25,0.12383699999999999,1.2299882130661628,20.06217151225562,2.2162871172501593,8.407626939058563,HYPOTHETICAL / UNSOURCED
prior_cesarean_history,multiparous women only (birth_order >= 2) -- structurally impossible among first births,0.12,0.09,0.5897,0.070764,0.053072999999999995,7.5,0.12383699999999999,1.236289406739609,19.87584676772119,2.2049910127250976,8.593951683592994,HYPOTHETICAL / UNSOURCED
prior_cesarean_history,multiparous women only (birth_order >= 2) -- structurally impossible among first births,0.12,0.09,0.5897,0.070764,0.053072999999999995,7.75,0.12383699999999999,1.242439720449333,19.695806107431807,2.194075886435931,8.773992343882377,HYPOTHETICAL / UNSOURCED
prior_cesarean_history,multiparous women only (birth_order >= 2) -- structurally impossible among first births,0.12,0.09,0.5897,0.070764,0.053072999999999995,8.0,0.12383699999999999,1.2484445092379834,19.52173689309743,2.1835227844063017,8.948061558216754,HYPOTHETICAL / UNSOURCED
prior_cesarean_history,multiparous women only (birth_order >= 2) -- structurally impossible among first births,0.12,0.12,0.5897,0.070764,0.070764,1.0,0.141528,1.0,28.469798451314176,2.7260070309880806,7.105427357601002e-15,HYPOTHETICAL / UNSOURCED
prior_cesarean_history,multiparous women only (birth_order >= 2) -- structurally impossible among first births,0.12,0.12,0.5897,0.070764,0.070764,1.25,0.141528,1.017383469049053,27.701516597369917,2.6794292554567214,0.7682818539442664,HYPOTHETICAL / UNSOURCED
prior_cesarean_history,multiparous women only (birth_order >= 2) -- structurally impossible among first births,0.12,0.12,0.5897,0.070764,0.070764,1.5,0.141528,1.0341728946417843,26.98400848732487,2.635929683626365,1.485789963989312,HYPOTHETICAL / UNSOURCED
prior_cesarean_history,multiparous women only (birth_order >= 2) -- structurally impossible among first births,0.12,0.12,0.5897,0.070764,0.070764,1.75,0.141528,1.0503982155083265,26.312401862164503,2.595212930430261,2.1573965891496805,HYPOTHETICAL / UNSOURCED
prior_cesarean_history,multiparous women only (birth_order >= 2) -- structurally impossible among first births,0.12,0.12,0.5897,0.070764,0.070764,2.0,0.141528,1.0660873918062244,25.68242853134543,2.5570202329937777,2.7873699199687536,HYPOTHETICAL / UNSOURCED
prior_cesarean_history,multiparous women only (birth_order >= 2) -- structurally impossible among first births,0.12,0.12,0.5897,0.070764,0.070764,2.25,0.141528,1.0812665659122334,25.09033357081983,2.521123945683299,3.3794648804943535,HYPOTHETICAL / UNSOURCED
prior_cesarean_history,multiparous women only (birth_order >= 2) -- structurally impossible among first births,0.12,0.12,0.5897,0.070764,0.070764,2.5,0.141528,1.095960207784506,24.532800421958925,2.4873229991613743,3.9369980293552587,HYPOTHETICAL / UNSOURCED
prior_cesarean_history,multiparous women only (birth_order >= 2) -- structurally impossible among first births,0.12,0.12,0.5897,0.070764,0.070764,2.75,0.141528,1.1101912465953692,24.00688873491098,2.4554391320846247,4.462909716403203,HYPOTHETICAL / UNSOURCED
prior_cesarean_history,multiparous women only (birth_order >= 2) -- structurally impossible among first births,0.12,0.12,0.5897,0.070764,0.070764,3.0,0.141528,1.1239811901241143,23.50998249627857,2.4253137462977157,4.959815955035612,HYPOTHETICAL / UNSOURCED
prior_cesarean_history,multiparous women only (birth_order >= 2) -- structurally impossible among first births,0.12,0.12,0.5897,0.070764,0.070764,3.25,0.141528,1.1373502332173644,23.03974650916393,2.3968052683971277,5.4300519421502536,HYPOTHETICAL / UNSOURCED
prior_cesarean_history,multiparous women only (birth_order >= 2) -- structurally impossible among first births,0.12,0.12,0.5897,0.070764,0.070764,3.5,0.141528,1.1503173564673594,22.594089697561675,2.3697869250270953,5.875708753752509,HYPOTHETICAL / UNSOURCED
prior_cesarean_history,multiparous women only (birth_order >= 2) -- structurally impossible among first births,0.12,0.12,0.5897,0.070764,0.070764,3.75,0.141528,1.1629004161222032,22.171134018419796,2.344144858145462,6.2986644328943875,HYPOTHETICAL / UNSOURCED
prior_cesarean_history,multiparous women only (birth_order >= 2) -- structurally impossible among first births,0.12,0.12,0.5897,0.070764,0.070764,4.0,0.141528,1.1751162261237391,21.769188006436053,2.3197765211532646,6.70061044487813,HYPOTHETICAL / UNSOURCED
prior_cesarean_history,multiparous women only (birth_order >= 2) -- structurally impossible among first births,0.12,0.12,0.5897,0.070764,0.070764,4.25,0.141528,1.1869806330656605,21.38672416567548,2.296589308241296,7.083074285638702,HYPOTHETICAL / UNSOURCED
prior_cesarean_history,multiparous women only (birth_order >= 2) -- structurally impossible among first births,0.12,0.12,0.5897,0.070764,0.070764,4.5,0.141528,1.1985085847745485,21.0223595708614,2.274499378325997,7.447438880452783,HYPOTHETICAL / UNSOURCED
prior_cesarean_history,multiparous women only (birth_order >= 2) -- structurally impossible among first births,0.12,0.12,0.5897,0.070764,0.070764,4.75,0.141528,1.2097141931379483,20.67483915901062,2.253430642089874,7.794959292303563,HYPOTHETICAL / UNSOURCED
prior_cesarean_history,multiparous women only (birth_order >= 2) -- structurally impossible among first births,0.12,0.12,0.5897,0.070764,0.070764,5.0,0.141528,1.2206107917347333,20.343021285946474,2.233313886332167,8.12677716536771,HYPOTHETICAL / UNSOURCED
prior_cesarean_history,multiparous women only (birth_order >= 2) -- structurally impossible among first births,0.12,0.12,0.5897,0.070764,0.070764,5.25,0.141528,1.231210988762611,20.02586519742196,2.2140860143944674,8.443933253892222,HYPOTHETICAL / UNSOURCED
prior_cesarean_history,multiparous women only (birth_order >= 2) -- structurally impossible among first births,0.12,0.12,0.5897,0.070764,0.070764,5.5,0.141528,1.2415267157044927,19.722420125155455,2.195689385098116,8.747378326158728,HYPOTHETICAL / UNSOURCED
prior_cesarean_history,multiparous women only (birth_order >= 2) -- structurally impossible among first births,0.12,0.12,0.5897,0.070764,0.070764,5.75,0.141528,1.2515692721286642,19.43181576711718,2.178071235603043,9.037982684197004,HYPOTHETICAL / UNSOURCED
prior_cesarean_history,multiparous women only (birth_order >= 2) -- structurally impossible among first births,0.12,0.12,0.5897,0.070764,0.070764,6.0,0.141528,1.2613493669764078,19.15325395129635,2.1611831760161877,9.316544500017834,HYPOTHETICAL / UNSOURCED
prior_cesarean_history,multiparous women only (birth_order >= 2) -- structurally impossible among first births,0.12,0.12,0.5897,0.070764,0.070764,6.25,0.141528,1.2708771566542303,18.88600131478294,2.1449807455542693,9.583797136531242,HYPOTHETICAL / UNSOURCED
prior_cesarean_history,multiparous women only (birth_order >= 2) -- structurally impossible among first births,0.12,0.12,0.5897,0.070764,0.070764,6.5,0.141528,1.2801622802155481,18.62938285676341,2.1294230216883814,9.840415594550773,HYPOTHETICAL / UNSOURCED
prior_cesarean_history,multiparous women only (birth_order >= 2) -- structurally impossible among first births,0.12,0.12,0.5897,0.070764,0.070764,6.75,0.141528,1.2892138918880114,18.382776246097027,2.1144722750357063,10.087022205217156,HYPOTHETICAL / UNSOURCED
prior_cesarean_history,multiparous women only (birth_order >= 2) -- structurally impossible among first births,0.12,0.12,0.5897,0.070764,0.070764,7.0,0.141528,1.2980406911772138,18.1456067824055,2.100093663871062,10.324191668908682,HYPOTHETICAL / UNSOURCED
prior_cesarean_history,multiparous women only (birth_order >= 2) -- structurally impossible among first births,0.12,0.12,0.5897,0.070764,0.070764,7.25,0.141528,1.3066509507548838,17.91734292478899,2.0862549630513034,10.552455526525193,HYPOTHETICAL / UNSOURCED
prior_cesarean_history,multiparous women only (birth_order >= 2) -- structurally impossible among first births,0.12,0.12,0.5897,0.070764,0.070764,7.5,0.141528,1.3150525423194785,17.697492314943954,2.0729263229132826,10.77230613637023,HYPOTHETICAL / UNSOURCED
prior_cesarean_history,multiparous women only (birth_order >= 2) -- structurally impossible among first births,0.12,0.12,0.5897,0.070764,0.070764,7.75,0.141528,1.3232529605991106,17.485598232058305,2.06008005434869,10.984200219255879,HYPOTHETICAL / UNSOURCED
prior_cesarean_history,multiparous women only (birth_order >= 2) -- structurally impossible among first births,0.12,0.12,0.5897,0.070764,0.070764,8.0,0.141528,1.3312593456506445,17.281236425764014,2.047690436798971,11.18856202555017,HYPOTHETICAL / UNSOURCED
prior_cesarean_history,multiparous women only (birth_order >= 2) -- structurally impossible among first births,0.12,0.15,0.5897,0.070764,0.08845499999999999,1.0,0.159219,1.0,28.469798451314176,2.7260070309880806,7.105427357601002e-15,HYPOTHETICAL / UNSOURCED
prior_cesarean_history,multiparous women only (birth_order >= 2) -- structurally impossible among first births,0.12,0.15,0.5897,0.070764,0.08845499999999999,1.25,0.159219,1.0217293363113167,27.51353093750867,2.6680324564523197,0.9562675138055141,HYPOTHETICAL / UNSOURCED
prior_cesarean_history,multiparous women only (birth_order >= 2) -- structurally impossible among first births,0.12,0.15,0.5897,0.070764,0.08845499999999999,1.5,0.159219,1.0427161183022304,26.627777788980893,2.6143328784699476,1.8420206623332902,HYPOTHETICAL / UNSOURCED
prior_cesarean_history,multiparous women only (birth_order >= 2) -- structurally impossible among first births,0.12,0.15,0.5897,0.070764,0.08845499999999999,1.75,0.159219,1.0629977693854082,25.80501683952305,2.564452258977149,2.6647816117911347,HYPOTHETICAL / UNSOURCED
prior_cesarean_history,multiparous women only (birth_order >= 2) -- structurally impossible among first births,0.12,0.15,0.5897,0.070764,0.08845499999999999,2.0,0.159219,1.0826092397577805,25.038759094210295,2.5179971968445316,3.431039357103888,HYPOTHETICAL / UNSOURCED
prior_cesarean_history,multiparous women only (birth_order >= 2) -- structurally impossible among first births,0.12,0.15,0.5897,0.070764,0.08845499999999999,2.25,0.159219,1.1015832073902918,24.323377235197096,2.474626530887425,4.146421216117087,HYPOTHETICAL / UNSOURCED
prior_cesarean_history,multiparous women only (birth_order >= 2) -- structurally impossible among first births,0.12,0.15,0.5897,0.070764,0.08845499999999999,2.5,0.159219,1.1199502597306326,23.65396718915487,2.4340429472677942,4.815831262159314,HYPOTHETICAL / UNSOURCED
prior_cesarean_history,multiparous women only (birth_order >= 2) -- structurally impossible among first births,0.12,0.15,0.5897,0.070764,0.08845499999999999,2.75,0.159219,1.1377390582442115,23.02623555172623,2.39598615450095,5.443562899587953,HYPOTHETICAL / UNSOURCED
prior_cesarean_history,multiparous women only (birth_order >= 2) -- structurally impossible among first births,0.12,0.15,0.5897,0.070764,0.08845499999999999,3.0,0.159219,1.1549764876551432,22.43640740448056,2.36022729477591,6.033391046833625,HYPOTHETICAL / UNSOURCED
prior_cesarean_history,multiparous women only (birth_order >= 2) -- structurally impossible among first births,0.12,0.15,0.5897,0.070764,0.08845499999999999,3.25,0.159219,1.1716877915217057,21.881150341003355,2.32656433796902,6.588648110310828,HYPOTHETICAL / UNSOURCED
prior_cesarean_history,multiparous women only (birth_order >= 2) -- structurally impossible among first births,0.12,0.15,0.5897,0.070764,0.08845499999999999,3.5,0.159219,1.1878966955841994,21.35751147161104,2.294818262498364,7.112286979703143,HYPOTHETICAL / UNSOURCED
prior_cesarean_history,multiparous women only (birth_order >= 2) -- structurally impossible among first births,0.12,0.15,0.5897,0.070764,0.08845499999999999,3.75,0.159219,1.203625520152754,20.862864891637116,2.264829870541561,7.606933559677067,HYPOTHETICAL / UNSOURCED
prior_cesarean_history,multiparous women only (birth_order >= 2) -- structurally impossible among first births,0.12,0.15,0.5897,0.070764,0.08845499999999999,4.0,0.159219,1.218895282654674,20.394867640234324,2.236457117998698,8.07493081107986,HYPOTHETICAL / UNSOURCED
prior_cesarean_history,multiparous women only (birth_order >= 2) -- structurally impossible among first births,0.12,0.15,0.5897,0.070764,0.08845499999999999,4.25,0.159219,1.2337257913320756,19.951422590681457,2.2095728646839445,8.518375860632727,HYPOTHETICAL / UNSOURCED
prior_cesarean_history,multiparous women only (birth_order >= 2) -- structurally impossible among first births,0.12,0.15,0.5897,0.070764,0.08845499999999999,4.5,0.159219,1.2481357309681858,19.530647031978347,2.1840629695566056,8.939151419335836,HYPOTHETICAL / UNSOURCED
prior_cesarean_history,multiparous women only (birth_order >= 2) -- structurally impossible among first births,0.12,0.15,0.5897,0.070764,0.08845499999999999,4.75,0.159219,1.2621427414224355,19.1308459487976,2.159824670794263,9.338952502516584,HYPOTHETICAL / UNSOURCED
prior_cesarean_history,multiparous women only (birth_order >= 2) -- structurally impossible among first births,0.12,0.15,0.5897,0.070764,0.08845499999999999,5.0,0.159219,1.2757634896684167,18.75048920002671,2.136765202221453,9.719309251287473,HYPOTHETICAL / UNSOURCED
prior_cesarean_history,multiparous women only (birth_order >= 2) -- structurally impossible among first births,0.12,0.15,0.5897,0.070764,0.08845499999999999,5.25,0.159219,1.2890137359532639,18.388191948027202,2.1148006068159684,10.08160650328698,HYPOTHETICAL / UNSOURCED
prior_cesarean_history,multiparous women only (birth_order >= 2) -- structurally impossible among first births,0.12,0.15,0.5897,0.070764,0.08845499999999999,5.5,0.159219,1.3019083946306158,18.042697810929084,2.0938547153016227,10.427100640385099,HYPOTHETICAL / UNSOURCED
prior_cesarean_history,multiparous women only (birth_order >= 2) -- structurally impossible among first births,0.12,0.15,0.5897,0.070764,0.08845499999999999,5.75,0.159219,1.3144615901608303,17.712864305954437,2.073858263636704,10.756934145359747,HYPOTHETICAL / UNSOURCED
prior_cesarean_history,multiparous women only (birth_order >= 2) -- structurally impossible among first births,0.12,0.15,0.5897,0.070764,0.08845499999999999,6.0,0.159219,1.3266867087205096,17.397650228356568,2.0547481278508557,11.072148222957615,HYPOTHETICAL / UNSOURCED
prior_cesarean_history,multiparous women only (birth_order >= 2) -- structurally impossible among first births,0.12,0.15,0.5897,0.070764,0.08845499999999999,6.25,0.159219,1.338596445817788,17.0961046722074,2.0364666584204794,11.373693779106784,HYPOTHETICAL / UNSOURCED
prior_cesarean_history,multiparous women only (birth_order >= 2) -- structurally impossible among first births,0.12,0.15,0.5897,0.070764,0.08845499999999999,6.5,0.159219,1.3502028502694352,16.807357449139083,2.0189610993963623,11.6624410021751,HYPOTHETICAL / UNSOURCED
prior_cesarean_history,multiparous women only (birth_order >= 2) -- structurally impossible among first births,0.12,0.15,0.5897,0.070764,0.08845499999999999,6.75,0.159219,1.361517364860014,16.530610701690943,2.0021830799553246,11.93918774962324,HYPOTHETICAL / UNSOURCED
prior_cesarean_history,multiparous women only (birth_order >= 2) -- structurally impossible among first births,0.12,0.15,0.5897,0.070764,0.08845499999999999,7.0,0.159219,1.3725508639715174,16.26513154102987,1.986088168055424,12.204666910284313,HYPOTHETICAL / UNSOURCED
prior_cesarean_history,multiparous women only (birth_order >= 2) -- structurally impossible among first births,0.12,0.15,0.5897,0.070764,0.08845499999999999,7.25,0.159219,1.3833136884436046,16.01024556598277,1.9706354775214932,12.459552885331412,HYPOTHETICAL / UNSOURCED
prior_cesarean_history,multiparous women only (birth_order >= 2) -- structurally impossible among first births,0.12,0.15,0.5897,0.070764,0.08845499999999999,7.5,0.159219,1.3938156778993482,15.76533114270678,1.9557873212450219,12.704467308607404,HYPOTHETICAL / UNSOURCED
prior_cesarean_history,multiparous women only (birth_order >= 2) -- structurally impossible among first births,0.12,0.15,0.5897,0.070764,0.08845499999999999,7.75,0.159219,1.4040662007488882,15.529814342844741,1.9415089043053009,12.939984108469442,HYPOTHETICAL / UNSOURCED
prior_cesarean_history,multiparous women only (birth_order >= 2) -- structurally impossible among first births,0.12,0.15,0.5897,0.070764,0.08845499999999999,8.0,0.159219,1.4140741820633056,15.30316445339679,1.927768051751363,13.166633997917394,HYPOTHETICAL / UNSOURCED
prior_cesarean_history,multiparous women only (birth_order >= 2) -- structurally impossible among first births,0.12,0.18,0.5897,0.070764,0.10614599999999999,1.0,0.17690999999999998,0.9999999999999999,28.469798451314187,2.726007030988081,-3.552713678800501e-15,HYPOTHETICAL / UNSOURCED
prior_cesarean_history,multiparous women only (birth_order >= 2) -- structurally impossible among first births,0.12,0.18,0.5897,0.070764,0.10614599999999999,1.25,0.17690999999999998,1.02607520357358,27.327137676961083,2.656732198082592,1.1426607743531,HYPOTHETICAL / UNSOURCED
prior_cesarean_history,multiparous women only (birth_order >= 2) -- structurally impossible among first births,0.12,0.18,0.5897,0.070764,0.10614599999999999,1.5,0.17690999999999998,1.0512593419626768,26.27733701974229,2.5930870929514773,2.1924614315718927,HYPOTHETICAL / UNSOURCED
prior_cesarean_history,multiparous women only (birth_order >= 2) -- structurally impossible among first births,0.12,0.18,0.5897,0.070764,0.10614599999999999,1.75,0.17690999999999998,1.07559732326249,25.30951883963804,2.534412248925635,3.160279611676142,HYPOTHETICAL / UNSOURCED
prior_cesarean_history,multiparous women only (birth_order >= 2) -- structurally impossible among first births,0.12,0.18,0.5897,0.070764,0.10614599999999999,2.0,0.17690999999999998,1.0991310877093365,24.41444059472095,2.4801473286223423,4.055357856593233,HYPOTHETICAL / UNSOURCED
prior_cesarean_history,multiparous women only (birth_order >= 2) -- structurally impossible among first births,0.12,0.18,0.5897,0.070764,0.10614599999999999,2.25,0.17690999999999998,1.12189984886835,23.584198738952622,2.42981317248396,4.885599712361561,HYPOTHETICAL / UNSOURCED
prior_cesarean_history,multiparous women only (birth_order >= 2) -- structurally impossible among first births,0.12,0.18,0.5897,0.070764,0.10614599999999999,2.5,0.17690999999999998,1.143940311676759,22.81199471681488,2.3829976119928564,5.6578037344993035,HYPOTHETICAL / UNSOURCED
prior_cesarean_history,multiparous women only (birth_order >= 2) -- structurally impossible among first births,0.12,0.18,0.5897,0.070764,0.10614599999999999,2.75,0.17690999999999998,1.1652868698930539,22.09194837485492,2.33934415757921,6.377850076459264,HYPOTHETICAL / UNSOURCED
prior_cesarean_history,multiparous women only (birth_order >= 2) -- structurally impossible among first births,0.12,0.18,0.5897,0.070764,0.10614599999999999,3.0,0.17690999999999998,1.1859717851861717,21.418947946811162,2.2985429038348975,7.050850504503021,HYPOTHETICAL / UNSOURCED
prior_cesarean_history,multiparous women only (birth_order >= 2) -- structurally impossible among first births,0.12,0.18,0.5897,0.070764,0.10614599999999999,3.25,0.17690999999999998,1.2060253498260467,20.78852851323479,2.260323161019187,7.681269938079392,HYPOTHETICAL / UNSOURCED
prior_cesarean_history,multiparous women only (birth_order >= 2) -- structurally impossible among first births,0.12,0.18,0.5897,0.070764,0.10614599999999999,3.5,0.17690999999999998,1.2254760347010392,20.196772823394525,2.224447442297885,8.273025627919658,HYPOTHETICAL / UNSOURCED
prior_cesarean_history,multiparous women only (birth_order >= 2) -- structurally impossible among first births,0.12,0.18,0.5897,0.070764,0.10614599999999999,3.75,0.17690999999999998,1.2443506241833047,19.640229822093172,2.1907065243586152,8.829568629221011,HYPOTHETICAL / UNSOURCED
prior_cesarean_history,multiparous women only (birth_order >= 2) -- structurally impossible among first births,0.12,0.18,0.5897,0.070764,0.10614599999999999,4.0,0.17690999999999998,1.262674339185609,19.115847300549905,2.158915364310232,9.353951150764278,HYPOTHETICAL / UNSOURCED
prior_cesarean_history,multiparous women only (birth_order >= 2) -- structurally impossible among first births,0.12,0.18,0.5897,0.070764,0.10614599999999999,4.25,0.17690999999999998,1.2804709495984905,18.620915894953022,2.128909704544924,9.848882556361161,HYPOTHETICAL / UNSOURCED
prior_cesarean_history,multiparous women only (birth_order >= 2) -- structurally impossible among first births,0.12,0.18,0.5897,0.070764,0.10614599999999999,4.5,0.17690999999999998,1.2977628771618226,18.153022262978105,2.100543234022686,10.316776188336078,HYPOTHETICAL / UNSOURCED
prior_cesarean_history,multiparous women only (birth_order >= 2) -- structurally impossible among first births,0.12,0.18,0.5897,0.070764,0.10614599999999999,4.75,0.17690999999999998,1.3145712897069228,17.710009730078912,2.073685202417459,10.759788721235271,HYPOTHETICAL / UNSOURCED
prior_cesarean_history,multiparous women only (birth_order >= 2) -- structurally impossible among first births,0.12,0.18,0.5897,0.070764,0.10614599999999999,5.0,0.17690999999999998,1.3309161876021,17.28994505129279,2.0482184050218093,11.179853400021393,HYPOTHETICAL / UNSOURCED
prior_cesarean_history,multiparous women only (birth_order >= 2) -- structurally impossible among first births,0.12,0.18,0.5897,0.070764,0.10614599999999999,5.25,0.17690999999999998,1.3468164831439167,16.891090207817847,2.024037472889161,11.578708243496337,HYPOTHETICAL / UNSOURCED
prior_cesarean_history,multiparous women only (birth_order >= 2) -- structurally impossible among first births,0.12,0.18,0.5897,0.070764,0.10614599999999999,5.5,0.17690999999999998,1.3622900735567391,16.511878370519963,2.001047415599878,11.95792008079422,HYPOTHETICAL / UNSOURCED
prior_cesarean_history,multiparous women only (birth_order >= 2) -- structurally impossible among first births,0.12,0.18,0.5897,0.070764,0.10614599999999999,5.75,0.17690999999999998,1.3773539081929964,16.150893329377737,1.9791623741529394,12.318905121936446,HYPOTHETICAL / UNSOURCED
prior_cesarean_history,multiparous women only (birth_order >= 2) -- structurally impossible among first births,0.12,0.18,0.5897,0.070764,0.10614599999999999,6.0,0.17690999999999998,1.3920240504646113,15.806851819483953,1.958304549463948,12.66294663183023,HYPOTHETICAL / UNSOURCED
prior_cesarean_history,multiparous women only (birth_order >= 2) -- structurally impossible among first births,0.12,0.18,0.5897,0.070764,0.10614599999999999,6.25,0.17690999999999998,1.4063157349813458,15.478588278670394,1.9384032782824834,12.99121017264379,HYPOTHETICAL / UNSOURCED
prior_cesarean_history,multiparous women only (birth_order >= 2) -- structurally impossible among first births,0.12,0.18,0.5897,0.070764,0.10614599999999999,6.5,0.17690999999999998,1.4202434203233223,15.165041655200021,1.9193942333966227,13.304756796114162,HYPOTHETICAL / UNSOURCED
prior_cesarean_history,multiparous women only (birth_order >= 2) -- structurally impossible among first births,0.12,0.18,0.5897,0.070764,0.10614599999999999,6.75,0.17690999999999998,1.4338208378320172,14.865243950894419,1.9012187290497815,13.604554500419765,HYPOTHETICAL / UNSOURCED
prior_cesarean_history,multiparous women only (birth_order >= 2) -- structurally impossible among first births,0.12,0.18,0.5897,0.070764,0.10614599999999999,7.0,0.17690999999999998,1.4470610367658208,14.578310239067141,1.883823115768981,13.891488212247042,HYPOTHETICAL / UNSOURCED
prior_cesarean_history,multiparous women only (birth_order >= 2) -- structurally impossible among first births,0.12,0.18,0.5897,0.070764,0.10614599999999999,7.25,0.17690999999999998,1.4599764261323256,14.303429940426614,1.867158251458649,14.166368510887569,HYPOTHETICAL / UNSOURCED
prior_cesarean_history,multiparous women only (birth_order >= 2) -- structurally impossible among first births,0.12,0.18,0.5897,0.070764,0.10614599999999999,7.5,0.17690999999999998,1.4725788134792182,14.039859175798473,1.8511790377775603,14.42993927551571,HYPOTHETICAL / UNSOURCED
prior_cesarean_history,multiparous women only (birth_order >= 2) -- structurally impossible among first births,0.12,0.18,0.5897,0.070764,0.10614599999999999,7.75,0.17690999999999998,1.484879440898666,13.786914043728467,1.8358440125874933,14.682884407585716,HYPOTHETICAL / UNSOURCED
prior_cesarean_history,multiparous women only (birth_order >= 2) -- structurally impossible among first births,0.12,0.18,0.5897,0.070764,0.10614599999999999,8.0,0.17690999999999998,1.4968890184759671,13.54396469504425,1.8211149907182296,14.925833756269933,HYPOTHETICAL / UNSOURCED
prior_cesarean_history,multiparous women only (birth_order >= 2) -- structurally impossible among first births,0.12,0.21,0.5897,0.070764,0.123837,1.0,0.194601,1.0,28.469798451314176,2.7260070309880806,7.105427357601002e-15,HYPOTHETICAL / UNSOURCED
prior_cesarean_history,multiparous women only (birth_order >= 2) -- structurally impossible among first births,0.12,0.21,0.5897,0.070764,0.123837,1.25,0.194601,1.030421070835843,27.14231666758704,2.645527258848497,1.3274817837271442,HYPOTHETICAL / UNSOURCED
prior_cesarean_history,multiparous women only (birth_order >= 2) -- structurally impossible among first births,0.12,0.21,0.5897,0.070764,0.123837,1.5,0.194601,1.0598025656231227,25.93254615921021,2.5721838382088595,2.5372522921039717,HYPOTHETICAL / UNSOURCED
prior_cesarean_history,multiparous women only (birth_order >= 2) -- structurally impossible among first births,0.12,0.21,0.5897,0.070764,0.123837,1.75,0.194601,1.0881968771395716,24.825494965210837,2.5050678680071643,3.6443034861033468,HYPOTHETICAL / UNSOURCED
prior_cesarean_history,multiparous women only (birth_order >= 2) -- structurally impossible among first births,0.12,0.21,0.5897,0.070764,0.123837,2.0,0.194601,1.1156529356608926,23.808613321297003,2.44341850754262,4.661185130017181,HYPOTHETICAL / UNSOURCED
prior_cesarean_history,multiparous women only (birth_order >= 2) -- structurally impossible among first births,0.12,0.21,0.5897,0.070764,0.123837,2.25,0.194601,1.1422164903464085,22.871315826117087,2.386594007377134,5.5984826251970965,HYPOTHETICAL / UNSOURCED
prior_cesarean_history,multiparous women only (birth_order >= 2) -- structurally impossible among first births,0.12,0.21,0.5897,0.070764,0.123837,2.5,0.194601,1.1679303636228855,22.00461157270502,2.334049285722898,6.465186878609163,HYPOTHETICAL / UNSOURCED
prior_cesarean_history,multiparous women only (birth_order >= 2) -- structurally impossible among first births,0.12,0.21,0.5897,0.070764,0.123837,2.75,0.194601,1.1928346815418962,21.200814817798058,2.2853183875106287,7.268983633516125,HYPOTHETICAL / UNSOURCED
prior_cesarean_history,multiparous women only (birth_order >= 2) -- structurally impossible among first births,0.12,0.21,0.5897,0.070764,0.123837,3.0,0.194601,1.2169670827172003,20.453316445812238,2.240000629188384,8.016482005501945,HYPOTHETICAL / UNSOURCED
prior_cesarean_history,multiparous women only (birth_order >= 2) -- structurally impossible among first births,0.12,0.21,0.5897,0.070764,0.123837,3.25,0.194601,1.2403629081303877,19.756401828411366,2.1977495562947946,8.713396622902817,HYPOTHETICAL / UNSOURCED
prior_cesarean_history,multiparous women only (birth_order >= 2) -- structurally impossible among first births,0.12,0.21,0.5897,0.070764,0.123837,3.5,0.194601,1.263055373817879,19.10510445062523,2.158264069411375,9.364694000688953,HYPOTHETICAL / UNSOURCED
prior_cesarean_history,multiparous women only (birth_order >= 2) -- structurally impossible among first births,0.12,0.21,0.5897,0.070764,0.123837,3.75,0.194601,1.2850757282138554,18.49508736921825,2.121281237469947,9.974711082095933,HYPOTHETICAL / UNSOURCED
prior_cesarean_history,multiparous women only (birth_order >= 2) -- structurally impossible among first births,0.12,0.21,0.5897,0.070764,0.123837,4.0,0.194601,1.3064533957165436,17.922546518775246,2.086570435597484,10.547251932538938,HYPOTHETICAL / UNSOURCED
prior_cesarean_history,multiparous women only (birth_order >= 2) -- structurally impossible among first births,0.12,0.21,0.5897,0.070764,0.123837,4.25,0.194601,1.3272161078649056,17.38413130777615,2.0539285311820183,11.085667143538032,HYPOTHETICAL / UNSOURCED
prior_cesarean_history,multiparous women only (birth_order >= 2) -- structurally impossible among first births,0.12,0.21,0.5897,0.070764,0.123837,4.5,0.194601,1.3473900233554599,16.87687900211739,2.0231759058148544,11.592919449196792,HYPOTHETICAL / UNSOURCED
prior_cesarean_history,multiparous women only (birth_order >= 2) -- structurally impossible among first births,0.12,0.21,0.5897,0.070764,0.123837,4.75,0.194601,1.3669998379914097,16.39816018162481,1.99415314854281,12.071638269689373,HYPOTHETICAL / UNSOURCED
prior_cesarean_history,multiparous women only (birth_order >= 2) -- structurally impossible among first births,0.12,0.21,0.5897,0.070764,0.123837,5.0,0.194601,1.3860688855357834,15.945633149158645,1.966718291879372,12.524165302155538,HYPOTHETICAL / UNSOURCED
prior_cesarean_history,multiparous women only (birth_order >= 2) -- structurally impossible among first births,0.12,0.21,0.5897,0.070764,0.123837,5.25,0.194601,1.4046192303345695,15.517205623602287,1.940744489407828,12.952592827711896,HYPOTHETICAL / UNSOURCED
prior_cesarean_history,multiparous women only (birth_order >= 2) -- structurally impossible among first births,0.12,0.21,0.5897,0.070764,0.123837,5.5,0.194601,1.4226717524828623,15.111002394277248,1.9161180548012031,13.358796057036935,HYPOTHETICAL / UNSOURCED
prior_cesarean_history,multiparous women only (birth_order >= 2) -- structurally impossible among first births,0.12,0.21,0.5897,0.070764,0.123837,5.75,0.194601,1.4402462262251625,14.725337881794786,1.892736798299312,13.744460569519397,HYPOTHETICAL / UNSOURCED
prior_cesarean_history,multiparous women only (birth_order >= 2) -- structurally impossible among first births,0.12,0.21,0.5897,0.070764,0.123837,6.0,0.194601,1.4573613922087134,14.358692758465825,1.8705086093001704,14.111105692848358,HYPOTHETICAL / UNSOURCED
prior_cesarean_history,multiparous women only (birth_order >= 2) -- structurally impossible among first births,0.12,0.21,0.5897,0.070764,0.123837,6.25,0.194601,1.474035024144903,14.009693944428461,1.8493502436073082,14.460104506885722,HYPOTHETICAL / UNSOURCED
prior_cesarean_history,multiparous women only (birth_order >= 2) -- structurally impossible among first births,0.12,0.21,0.5897,0.070764,0.123837,6.5,0.194601,1.4902839903772092,13.67709742420969,1.8291862816684321,14.792701027104494,HYPOTHETICAL / UNSOURCED
prior_cesarean_history,multiparous women only (birth_order >= 2) -- structurally impossible among first births,0.12,0.21,0.5897,0.070764,0.123837,6.75,0.194601,1.50612431080402,13.359773430430186,1.809948230324259,15.110025020883997,HYPOTHETICAL / UNSOURCED
prior_cesarean_history,multiparous women only (birth_order >= 2) -- structurally impossible among first births,0.12,0.21,0.5897,0.070764,0.123837,7.0,0.194601,1.5215712095601241,13.05669362275128,1.7915737455206915,15.413104828562902,HYPOTHETICAL / UNSOURCED
prior_cesarean_history,multiparous women only (birth_order >= 2) -- structurally impossible among first births,0.12,0.21,0.5897,0.070764,0.123837,7.25,0.194601,1.5366391638210468,12.766919955473352,1.7740059573969993,15.702878495840832,HYPOTHETICAL / UNSOURCED
prior_cesarean_history,multiparous women only (birth_order >= 2) -- structurally impossible among first births,0.12,0.21,0.5897,0.070764,0.123837,7.5,0.194601,1.5513419490590878,12.489594979880042,1.7571928823567524,15.980203471434141,HYPOTHETICAL / UNSOURCED
prior_cesarean_history,multiparous women only (birth_order >= 2) -- structurally impossible among first births,0.12,0.21,0.5897,0.070764,0.123837,7.75,0.194601,1.565692681048444,12.223933370135743,1.741086909317765,16.24586508117844,HYPOTHETICAL / UNSOURCED
prior_cesarean_history,multiparous women only (birth_order >= 2) -- structurally impossible among first births,0.12,0.21,0.5897,0.070764,0.123837,8.0,0.194601,1.5797038548886282,11.969214496340896,1.7256443494469214,16.500583954973287,HYPOTHETICAL / UNSOURCED
prior_cesarean_history,multiparous women only (birth_order >= 2) -- structurally impossible among first births,0.12,0.24,0.5897,0.070764,0.141528,1.0,0.21229199999999998,1.0,28.469798451314176,2.7260070309880806,7.105427357601002e-15,HYPOTHETICAL / UNSOURCED
prior_cesarean_history,multiparous women only (birth_order >= 2) -- structurally impossible among first births,0.12,0.24,0.5897,0.070764,0.141528,1.25,0.21229199999999998,1.0347669380981066,26.959048099723116,2.634416437771446,1.5107503515910672,HYPOTHETICAL / UNSOURCED
prior_cesarean_history,multiparous women only (birth_order >= 2) -- structurally impossible among first births,0.12,0.24,0.5897,0.070764,0.141528,1.5,0.21229199999999998,1.0683457892835688,25.593269665781264,2.551614896910987,2.876528785532919,HYPOTHETICAL / UNSOURCED
prior_cesarean_history,multiparous women only (birth_order >= 2) -- structurally impossible among first births,0.12,0.24,0.5897,0.070764,0.141528,1.75,0.21229199999999998,1.1007964310166531,24.352551222789522,2.476395230015822,4.117247228524661,HYPOTHETICAL / UNSOURCED
prior_cesarean_history,multiparous women only (birth_order >= 2) -- structurally impossible among first births,0.12,0.24,0.5897,0.070764,0.141528,2.0,0.21229199999999998,1.1321747836124485,23.220467745507193,2.40776165521914,5.24933070580699,HYPOTHETICAL / UNSOURCED
prior_cesarean_history,multiparous women only (birth_order >= 2) -- structurally impossible among first births,0.12,0.24,0.5897,0.070764,0.141528,2.25,0.21229199999999998,1.162533131824467,22.183349857426073,2.344885454326721,6.28644859388811,HYPOTHETICAL / UNSOURCED
prior_cesarean_history,multiparous women only (birth_order >= 2) -- structurally impossible among first births,0.12,0.24,0.5897,0.070764,0.141528,2.5,0.21229199999999998,1.1919204155690117,21.22972919511384,2.2870713475334763,7.240069256200343,HYPOTHETICAL / UNSOURCED
prior_cesarean_history,multiparous women only (birth_order >= 2) -- structurally impossible among first births,0.12,0.24,0.5897,0.070764,0.141528,2.75,0.21229199999999998,1.2203824931907388,20.349912548096984,2.233731675272419,8.119885903217199,HYPOTHETICAL / UNSOURCED
prior_cesarean_history,multiparous women only (birth_order >= 2) -- structurally impossible among first births,0.12,0.24,0.5897,0.070764,0.141528,3.0,0.21229199999999998,1.247962380248229,19.53565119147667,2.1843663512083253,8.934147259837513,HYPOTHETICAL / UNSOURCED
prior_cesarean_history,multiparous women only (birth_order >= 2) -- structurally impossible among first births,0.12,0.24,0.5897,0.070764,0.141528,3.25,0.21229199999999998,1.274700466434729,18.779881478018346,2.138547135400821,9.689916973295837,HYPOTHETICAL / UNSOURCED
prior_cesarean_history,multiparous women only (birth_order >= 2) -- structurally impossible among first births,0.12,0.24,0.5897,0.070764,0.141528,3.5,0.21229199999999998,1.3006347129347189,18.076519394909432,2.095905179123805,10.39327905640475,HYPOTHETICAL / UNSOURCED
prior_cesarean_history,multiparous women only (birth_order >= 2) -- structurally impossible among first births,0.12,0.24,0.5897,0.070764,0.141528,3.75,0.21229199999999998,1.3258008322444061,17.420296426749587,2.0561210739122178,11.049502024564596,HYPOTHETICAL / UNSOURCED
prior_cesarean_history,multiparous women only (birth_order >= 2) -- structurally impossible among first births,0.12,0.24,0.5897,0.070764,0.141528,4.0,0.21229199999999998,1.3502324522474785,16.806627349769208,2.018916836468127,11.663171101544975,HYPOTHETICAL / UNSOURCED
prior_cesarean_history,multiparous women only (birth_order >= 2) -- structurally impossible among first births,0.12,0.24,0.5897,0.070764,0.141528,4.25,0.21229199999999998,1.3739612661313207,16.23150293765455,1.9840494038552712,12.238295513659633,HYPOTHETICAL / UNSOURCED
prior_cesarean_history,multiparous women only (birth_order >= 2) -- structurally impossible among first births,0.12,0.24,0.5897,0.070764,0.141528,4.5,0.21229199999999998,1.3970171695490972,15.691402269272519,1.9513053170763317,12.778396182041664,HYPOTHETICAL / UNSOURCED
prior_cesarean_history,multiparous women only (birth_order >= 2) -- structurally impossible among first births,0.12,0.24,0.5897,0.070764,0.141528,4.75,0.21229199999999998,1.4194283862758967,15.183220583765051,1.9204963472234111,13.286577867549132,HYPOTHETICAL / UNSOURCED
prior_cesarean_history,multiparous women only (birth_order >= 2) -- structurally impossible among first births,0.12,0.24,0.5897,0.070764,0.141528,5.0,0.21229199999999998,1.4412215834694666,14.704209559435947,1.8914558748320558,13.765588891878236,HYPOTHETICAL / UNSOURCED
prior_cesarean_history,multiparous women only (birth_order >= 2) -- structurally impossible among first births,0.12,0.24,0.5897,0.070764,0.141528,5.25,0.21229199999999998,1.462421977525222,14.251927590041744,1.8640358753368542,14.21787086127244,HYPOTHETICAL / UNSOURCED
prior_cesarean_history,multiparous women only (birth_order >= 2) -- structurally impossible among first births,0.12,0.24,0.5897,0.070764,0.141528,5.5,0.21229199999999998,1.4830534314089856,13.824198158973008,1.838104395468893,14.645600292341175,HYPOTHETICAL / UNSOURCED
prior_cesarean_history,multiparous women only (birth_order >= 2) -- structurally impossible among first births,0.12,0.24,0.5897,0.070764,0.141528,5.75,0.21229199999999998,1.5031385442573282,13.41907481337995,1.8135434297807513,15.050723637934233,HYPOTHETICAL / UNSOURCED
prior_cesarean_history,multiparous women only (birth_order >= 2) -- structurally impossible among first births,0.12,0.24,0.5897,0.070764,0.141528,6.0,0.21229199999999998,1.522698733952815,13.034811548817467,1.790247125189081,15.434986902496716,HYPOTHETICAL / UNSOURCED
prior_cesarean_history,multiparous women only (birth_order >= 2) -- structurally impossible among first births,0.12,0.24,0.5897,0.070764,0.141528,6.25,0.21229199999999998,1.5417543133084604,12.669837653813312,1.7681202559040194,15.799960797500871,HYPOTHETICAL / UNSOURCED
prior_cesarean_history,multiparous women only (birth_order >= 2) -- structurally impossible among first births,0.12,0.24,0.5897,0.070764,0.141528,6.5,0.21229199999999998,1.5603245604310962,12.322736249962572,1.7470769224031968,16.14706220135161,HYPOTHETICAL / UNSOURCED
prior_cesarean_history,multiparous women only (birth_order >= 2) -- structurally impossible among first births,0.12,0.24,0.5897,0.070764,0.141528,6.75,0.21229199999999998,1.5784277837760226,11.992225909301583,1.7270394369685642,16.477572542012602,HYPOTHETICAL / UNSOURCED
prior_cesarean_history,multiparous women only (birth_order >= 2) -- structurally impossible among first births,0.12,0.24,0.5897,0.070764,0.141528,7.0,0.21229199999999998,1.5960813823544275,11.677144846160656,1.7079373653033068,16.792653605153525,HYPOTHETICAL / UNSOURCED
prior_cesarean_history,multiparous women only (birth_order >= 2) -- structurally impossible among first births,0.12,0.24,0.5897,0.070764,0.141528,7.25,0.21229199999999998,1.6133019015097676,11.376437272443365,1.6897066993084284,17.09336117887082,HYPOTHETICAL / UNSOURCED
prior_cesarean_history,multiparous women only (birth_order >= 2) -- structurally impossible among first births,0.12,0.24,0.5897,0.070764,0.141528,7.5,0.21229199999999998,1.630105084638957,11.089141578613283,1.6722891405444875,17.3806568727009,HYPOTHETICAL / UNSOURCED
prior_cesarean_history,multiparous women only (birth_order >= 2) -- structurally impossible among first births,0.12,0.24,0.5897,0.070764,0.141528,7.75,0.21229199999999998,1.6465059211982214,10.814380061605394,1.6556314774770247,17.65541838970879,HYPOTHETICAL / UNSOURCED
prior_cesarean_history,multiparous women only (birth_order >= 2) -- structurally impossible among first births,0.12,0.24,0.5897,0.070764,0.141528,8.0,0.21229199999999998,1.662518691301289,10.551349968491987,1.6396850424907863,17.918448482822196,HYPOTHETICAL / UNSOURCED
prior_cesarean_history,multiparous women only (birth_order >= 2) -- structurally impossible among first births,0.12,0.27,0.5897,0.070764,0.159219,1.0,0.229983,1.0,28.469798451314176,2.7260070309880806,7.105427357601002e-15,HYPOTHETICAL / UNSOURCED
prior_cesarean_history,multiparous women only (birth_order >= 2) -- structurally impossible among first births,0.12,0.27,0.5897,0.070764,0.159219,1.25,0.229983,1.0391128053603698,26.77731249510473,2.6233985539642033,1.6924859562094525,HYPOTHETICAL / UNSOURCED
prior_cesarean_history,multiparous women only (birth_order >= 2) -- structurally impossible among first births,0.12,0.27,0.5897,0.070764,0.159219,1.5,0.229983,1.0768890129440147,25.259376298990738,2.531372312487137,3.2104221523234457,HYPOTHETICAL / UNSOURCED
prior_cesarean_history,multiparous women only (birth_order >= 2) -- structurally impossible among first births,0.12,0.27,0.5897,0.070764,0.159219,1.75,0.229983,1.1133959848937347,23.89031145315832,2.448371529962233,4.579486998155865,HYPOTHETICAL / UNSOURCED
prior_cesarean_history,multiparous women only (birth_order >= 2) -- structurally impossible among first births,0.12,0.27,0.5897,0.070764,0.159219,2.0,0.229983,1.1486966315640048,22.649240913116746,2.373130516868055,5.820557538197438,HYPOTHETICAL / UNSOURCED
prior_cesarean_history,multiparous women only (birth_order >= 2) -- structurally impossible among first births,0.12,0.27,0.5897,0.070764,0.159219,2.25,0.229983,1.182849773302525,21.519016911711404,2.304609674461914,6.9507815396027794,HYPOTHETICAL / UNSOURCED
prior_cesarean_history,multiparous women only (birth_order >= 2) -- structurally impossible among first births,0.12,0.27,0.5897,0.070764,0.159219,2.5,0.229983,1.2159104675151382,20.4854238525712,2.241947169481162,7.984374598742985,HYPOTHETICAL / UNSOURCED
prior_cesarean_history,multiparous women only (birth_order >= 2) -- structurally impossible among first births,0.12,0.27,0.5897,0.070764,0.159219,2.75,0.229983,1.247930304839581,19.53657727290899,2.184422495724634,8.933221178405194,HYPOTHETICAL / UNSOURCED
prior_cesarean_history,multiparous women only (birth_order >= 2) -- structurally impossible among first births,0.12,0.27,0.5897,0.070764,0.159219,3.0,0.229983,1.2789576777792573,18.662464825045216,2.131428645646379,9.807333626268967,HYPOTHETICAL / UNSOURCED
prior_cesarean_history,multiparous women only (birth_order >= 2) -- structurally impossible among first births,0.12,0.27,0.5897,0.070764,0.159219,3.25,0.229983,1.30903802473907,17.85459160960264,2.082450608362927,10.615206841711544,HYPOTHETICAL / UNSOURCED
prior_cesarean_history,multiparous women only (birth_order >= 2) -- structurally impossible among first births,0.12,0.27,0.5897,0.070764,0.159219,3.5,0.229983,1.3382140520515586,17.105703193974392,2.0370485773998235,11.364095257339791,HYPOTHETICAL / UNSOURCED
prior_cesarean_history,multiparous women only (birth_order >= 2) -- structurally impossible among first births,0.12,0.27,0.5897,0.070764,0.159219,3.75,0.229983,1.366525936274957,16.409567163289292,1.9948447070232438,12.060231288024891,HYPOTHETICAL / UNSOURCED
prior_cesarean_history,multiparous women only (birth_order >= 2) -- structurally impossible among first births,0.12,0.27,0.5897,0.070764,0.159219,4.0,0.229983,1.394011508778413,15.760799264052267,1.9555125720424713,12.708999187261917,HYPOTHETICAL / UNSOURCED
prior_cesarean_history,multiparous women only (birth_order >= 2) -- structurally impossible among first births,0.12,0.27,0.5897,0.070764,0.159219,4.25,0.229983,1.4207064243977356,15.154723869905947,1.9187687084217182,13.315074581408236,HYPOTHETICAL / UNSOURCED
prior_cesarean_history,multiparous women only (birth_order >= 2) -- structurally impossible among first births,0.12,0.27,0.5897,0.070764,0.159219,4.5,0.229983,1.4466443157427338,14.587261116279354,1.8843657707171084,13.88253733503483,HYPOTHETICAL / UNSOURCED
prior_cesarean_history,multiparous women only (birth_order >= 2) -- structurally impossible among first births,0.12,0.27,0.5897,0.070764,0.159219,4.75,0.229983,1.4718569345603838,14.05483494080873,1.8520869569448257,14.414963510505453,HYPOTHETICAL / UNSOURCED
prior_cesarean_history,multiparous women only (birth_order >= 2) -- structurally impossible among first births,0.12,0.27,0.5897,0.070764,0.159219,5.0,0.229983,1.49637428140315,13.554297647109248,1.821741435192206,14.915500804204935,HYPOTHETICAL / UNSOURCED
prior_cesarean_history,multiparous women only (birth_order >= 2) -- structurally impossible among first births,0.12,0.27,0.5897,0.070764,0.159219,5.25,0.229983,1.520224724715875,13.082867628863163,1.7931605680848022,15.38693082245102,HYPOTHETICAL / UNSOURCED
prior_cesarean_history,multiparous women only (birth_order >= 2) -- structurally impossible among first births,0.12,0.27,0.5897,0.070764,0.159219,5.5,0.229983,1.5434351103351087,12.63807765135726,1.7661947773082687,15.831720799956923,HYPOTHETICAL / UNSOURCED
prior_cesarean_history,multiparous women only (birth_order >= 2) -- structurally impossible among first births,0.12,0.27,0.5897,0.070764,0.159219,5.75,0.229983,1.5660308622894945,12.217731659777398,1.740710925072532,16.252066791536784,HYPOTHETICAL / UNSOURCED
prior_cesarean_history,multiparous women only (birth_order >= 2) -- structurally impossible among first births,0.12,0.27,0.5897,0.070764,0.159219,6.0,0.229983,1.5880360756969172,11.819868518026825,1.7165901157451726,16.64992993328736,HYPOTHETICAL / UNSOURCED
prior_cesarean_history,multiparous women only (birth_order >= 2) -- structurally impossible among first births,0.12,0.27,0.5897,0.070764,0.159219,6.25,0.229983,1.6094736024720184,11.442731414447724,1.6937258410458917,17.02706703686646,HYPOTHETICAL / UNSOURCED
prior_cesarean_history,multiparous women only (birth_order >= 2) -- structurally impossible among first births,0.12,0.27,0.5897,0.070764,0.159219,6.5,0.229983,1.6303651304849838,11.084741927446268,1.6720224077518002,17.385056523867917,HYPOTHETICAL / UNSOURCED
prior_cesarean_history,multiparous women only (birth_order >= 2) -- structurally impossible among first births,0.12,0.27,0.5897,0.070764,0.159219,6.75,0.229983,1.6507312567480257,10.744477943464172,1.6513935989546658,17.72532050785001,HYPOTHETICAL / UNSOURCED
prior_cesarean_history,multiparous women only (birth_order >= 2) -- structurally impossible among first births,0.12,0.27,0.5897,0.070764,0.159219,7.0,0.229983,1.6705915551487311,10.420654775817091,1.6317615293735799,18.049143675497092,HYPOTHETICAL / UNSOURCED
prior_cesarean_history,multiparous women only (birth_order >= 2) -- structurally impossible among first births,0.12,0.27,0.5897,0.070764,0.159219,7.25,0.229983,1.6899646391984886,10.112108955862592,1.6130556626799972,18.35768949545159,HYPOTHETICAL / UNSOURCED
prior_cesarean_history,multiparous women only (birth_order >= 2) -- structurally impossible among first births,0.12,0.27,0.5897,0.070764,0.159219,7.5,0.229983,1.7088682202188272,9.81778426540313,1.5952119646996565,18.652014185911053,HYPOTHETICAL / UNSOURCED
prior_cesarean_history,multiparous women only (birth_order >= 2) -- structurally impossible among first births,0.12,0.27,0.5897,0.070764,0.159219,7.75,0.229983,1.7273191613479995,9.536719656917167,1.578172171065772,18.933078794397016,HYPOTHETICAL / UNSOURCED
prior_cesarean_history,multiparous women only (birth_order >= 2) -- structurally impossible among first births,0.12,0.27,0.5897,0.070764,0.159219,8.0,0.229983,1.7453335277139503,9.268038770496217,1.5618831516739515,19.201759680817965,HYPOTHETICAL / UNSOURCED
prior_cesarean_history,multiparous women only (birth_order >= 2) -- structurally impossible among first births,0.12,0.3,0.5897,0.070764,0.17690999999999998,1.0,0.24767399999999998,1.0,28.469798451314176,2.7260070309880806,7.105427357601002e-15,HYPOTHETICAL / UNSOURCED
prior_cesarean_history,multiparous women only (birth_order >= 2) -- structurally impossible among first births,0.12,0.3,0.5897,0.070764,0.17690999999999998,1.25,0.24767399999999998,1.0434586726226331,26.5970906999648,2.612472446212483,1.8727077513493846,HYPOTHETICAL / UNSOURCED
prior_cesarean_history,multiparous women only (birth_order >= 2) -- structurally impossible among first births,0.12,0.3,0.5897,0.070764,0.17690999999999998,1.5,0.24767399999999998,1.0854322366044609,24.930738950245424,2.5114483788649964,3.5390595010687598,HYPOTHETICAL / UNSOURCED
prior_cesarean_history,multiparous women only (birth_order >= 2) -- structurally impossible among first births,0.12,0.3,0.5897,0.070764,0.17690999999999998,1.75,0.24767399999999998,1.1259955387708165,23.438416333538704,2.42097498358111,5.031382117775479,HYPOTHETICAL / UNSOURCED
prior_cesarean_history,multiparous women only (birth_order >= 2) -- structurally impossible among first births,0.12,0.3,0.5897,0.070764,0.17690999999999998,2.0,0.24767399999999998,1.1652184795155607,22.09421314216675,2.3394814611260006,6.375585309147432,HYPOTHETICAL / UNSOURCED
prior_cesarean_history,multiparous women only (birth_order >= 2) -- structurally impossible among first births,0.12,0.3,0.5897,0.070764,0.17690999999999998,2.25,0.24767399999999998,1.2031664147805834,20.87711978886268,2.265694086453711,7.592678662451505,HYPOTHETICAL / UNSOURCED
prior_cesarean_history,multiparous women only (birth_order >= 2) -- structurally impossible among first births,0.12,0.3,0.5897,0.070764,0.17690999999999998,2.5,0.24767399999999998,1.2399005194612647,19.769920697867192,2.198569149864158,8.69987775344699,HYPOTHETICAL / UNSOURCED
prior_cesarean_history,multiparous women only (birth_order >= 2) -- structurally impossible among first births,0.12,0.3,0.5897,0.070764,0.17690999999999998,2.75,0.24767399999999998,1.275478116488423,18.75837487327346,2.1372432782250903,9.711423578040723,HYPOTHETICAL / UNSOURCED
prior_cesarean_history,multiparous women only (birth_order >= 2) -- structurally impossible among first births,0.12,0.3,0.5897,0.070764,0.17690999999999998,3.0,0.24767399999999998,1.3099529753102859,17.830600050667346,2.080996098613675,10.639198400646837,HYPOTHETICAL / UNSOURCED
prior_cesarean_history,multiparous women only (birth_order >= 2) -- structurally impossible among first births,0.12,0.3,0.5897,0.070764,0.17690999999999998,3.25,0.24767399999999998,1.343375583043411,16.97660376931098,2.0292218091476135,11.493194682003203,HYPOTHETICAL / UNSOURCED
prior_cesarean_history,multiparous women only (birth_order >= 2) -- structurally impossible among first births,0.12,0.3,0.5897,0.070764,0.17690999999999998,3.5,0.24767399999999998,1.3757933911683986,16.187922036628372,1.981407272695944,12.281876414685811,HYPOTHETICAL / UNSOURCED
prior_cesarean_history,multiparous women only (birth_order >= 2) -- structurally impossible among first births,0.12,0.3,0.5897,0.070764,0.17690999999999998,3.75,0.24767399999999998,1.4072510403055076,15.4573378450729,1.937114951712011,13.012460606241284,HYPOTHETICAL / UNSOURCED
prior_cesarean_history,multiparous women only (birth_order >= 2) -- structurally impossible among first births,0.12,0.3,0.5897,0.070764,0.17690999999999998,4.0,0.24767399999999998,1.437790565309348,14.778659684840978,1.89596948036835,13.691138766473205,HYPOTHETICAL / UNSOURCED
prior_cesarean_history,multiparous women only (birth_order >= 2) -- structurally impossible among first births,0.12,0.3,0.5897,0.070764,0.17690999999999998,4.25,0.24767399999999998,1.4674515826641508,14.146545645325862,1.8576470005497756,14.323252805988322,HYPOTHETICAL / UNSOURCED
prior_cesarean_history,multiparous women only (birth_order >= 2) -- structurally impossible among first births,0.12,0.3,0.5897,0.070764,0.17690999999999998,4.5,0.24767399999999998,1.496271461936371,13.556362520952941,1.8218666200184497,14.913435930361242,HYPOTHETICAL / UNSOURCED
prior_cesarean_history,multiparous women only (birth_order >= 2) -- structurally impossible among first births,0.12,0.3,0.5897,0.070764,0.17690999999999998,4.75,0.24767399999999998,1.5242854828448709,13.004072055309685,1.7883835158623702,15.465726396004499,HYPOTHETICAL / UNSOURCED
prior_cesarean_history,multiparous women only (birth_order >= 2) -- structurally impossible among first births,0.12,0.3,0.5897,0.070764,0.17690999999999998,5.0,0.24767399999999998,1.5515269793368331,12.486138414813947,1.7569833250036384,15.983660036500236,HYPOTHETICAL / UNSOURCED
prior_cesarean_history,multiparous women only (birth_order >= 2) -- structurally impossible among first births,0.12,0.3,0.5897,0.070764,0.17690999999999998,5.25,0.24767399999999998,1.5780274719065275,11.999452409097207,1.7274775499913175,16.470346042216974,HYPOTHETICAL / UNSOURCED
prior_cesarean_history,multiparous women only (birth_order >= 2) -- structurally impossible among first births,0.12,0.3,0.5897,0.070764,0.17690999999999998,5.5,0.24767399999999998,1.6038167892612316,11.541269025420391,1.6996997719694436,16.928529425893792,HYPOTHETICAL / UNSOURCED
prior_cesarean_history,multiparous women only (birth_order >= 2) -- structurally impossible among first births,0.12,0.3,0.5897,0.070764,0.17690999999999998,5.75,0.24767399999999998,1.6289231803216604,11.109155625698827,1.673502510075264,17.360642825615358,HYPOTHETICAL / UNSOURCED
prior_cesarean_history,multiparous women only (birth_order >= 2) -- structurally impossible among first births,0.12,0.3,0.5897,0.070764,0.17690999999999998,6.0,0.24767399999999998,1.6533734174410188,10.70094874146903,1.6487546020954011,17.768849709845153,HYPOTHETICAL / UNSOURCED
prior_cesarean_history,multiparous women only (birth_order >= 2) -- structurally impossible among first births,0.12,0.3,0.5897,0.070764,0.17690999999999998,6.25,0.24767399999999998,1.6771928916355756,10.31471784673898,1.6253390081624517,18.155080604575204,HYPOTHETICAL / UNSOURCED
prior_cesarean_history,multiparous women only (birth_order >= 2) -- structurally impossible among first births,0.12,0.3,0.5897,0.070764,0.17690999999999998,6.5,0.24767399999999998,1.7004057005388702,9.948734828384993,1.6031509598704534,18.52106362292919,HYPOTHETICAL / UNSOURCED
prior_cesarean_history,multiparous women only (birth_order >= 2) -- structurally impossible among first births,0.12,0.3,0.5897,0.070764,0.17690999999999998,6.75,0.24767399999999998,1.7230347297200284,9.601448135383759,1.5820963930489218,18.868350315930424,HYPOTHETICAL / UNSOURCED
prior_cesarean_history,multiparous women only (birth_order >= 2) -- structurally impossible among first births,0.12,0.3,0.5897,0.070764,0.17690999999999998,7.0,0.24767399999999998,1.7451017279430345,9.271460791147545,1.5620906147409797,19.198337660166636,HYPOTHETICAL / UNSOURCED
prior_cesarean_history,multiparous women only (birth_order >= 2) -- structurally impossible among first births,0.12,0.3,0.5897,0.070764,0.17690999999999998,7.25,0.24767399999999998,1.7666273768872092,8.957511611816896,1.5430571645455278,19.512286839497285,HYPOTHETICAL / UNSOURCED
prior_cesarean_history,multiparous women only (birth_order >= 2) -- structurally impossible among first births,0.12,0.3,0.5897,0.070764,0.17690999999999998,7.5,0.24767399999999998,1.7876313557986967,8.658459098089297,1.5249268380449317,19.811339353224888,HYPOTHETICAL / UNSOURCED
prior_cesarean_history,multiparous women only (birth_order >= 2) -- structurally impossible among first births,0.12,0.3,0.5897,0.070764,0.17690999999999998,7.75,0.24767399999999998,1.8081324014977767,8.373267566872732,1.507636846024095,20.09653088444145,HYPOTHETICAL / UNSOURCED
prior_cesarean_history,multiparous women only (birth_order >= 2) -- structurally impossible among first births,0.12,0.3,0.5897,0.070764,0.17690999999999998,8.0,0.24767399999999998,1.8281483641266112,8.100995167640987,1.4911300879512681,20.368803283673195,HYPOTHETICAL / UNSOURCED
obstetric_severity_unmeasured,"full analytic cohort (hypothetical composite, not a validated single diagnosis)",0.08,0.0,1.0,0.08,0.0,1.0,0.08,1.0,28.469798451314176,2.7260070309880806,7.105427357601002e-15,HYPOTHETICAL / UNSOURCED
obstetric_severity_unmeasured,"full analytic cohort (hypothetical composite, not a validated single diagnosis)",0.08,0.0,1.0,0.08,0.0,1.2,0.08,1.0,28.469798451314176,2.7260070309880806,7.105427357601002e-15,HYPOTHETICAL / UNSOURCED
obstetric_severity_unmeasured,"full analytic cohort (hypothetical composite, not a validated single diagnosis)",0.08,0.0,1.0,0.08,0.0,1.4,0.08,1.0,28.469798451314176,2.7260070309880806,7.105427357601002e-15,HYPOTHETICAL / UNSOURCED
obstetric_severity_unmeasured,"full analytic cohort (hypothetical composite, not a validated single diagnosis)",0.08,0.0,1.0,0.08,0.0,1.6,0.08,1.0,28.469798451314176,2.7260070309880806,7.105427357601002e-15,HYPOTHETICAL / UNSOURCED
obstetric_severity_unmeasured,"full analytic cohort (hypothetical composite, not a validated single diagnosis)",0.08,0.0,1.0,0.08,0.0,1.8,0.08,1.0,28.469798451314176,2.7260070309880806,7.105427357601002e-15,HYPOTHETICAL / UNSOURCED
obstetric_severity_unmeasured,"full analytic cohort (hypothetical composite, not a validated single diagnosis)",0.08,0.0,1.0,0.08,0.0,2.0,0.08,1.0,28.469798451314176,2.7260070309880806,7.105427357601002e-15,HYPOTHETICAL / UNSOURCED
obstetric_severity_unmeasured,"full analytic cohort (hypothetical composite, not a validated single diagnosis)",0.08,0.0,1.0,0.08,0.0,2.2,0.08,1.0,28.469798451314176,2.7260070309880806,7.105427357601002e-15,HYPOTHETICAL / UNSOURCED
obstetric_severity_unmeasured,"full analytic cohort (hypothetical composite, not a validated single diagnosis)",0.08,0.0,1.0,0.08,0.0,2.4,0.08,1.0,28.469798451314176,2.7260070309880806,7.105427357601002e-15,HYPOTHETICAL / UNSOURCED
obstetric_severity_unmeasured,"full analytic cohort (hypothetical composite, not a validated single diagnosis)",0.08,0.0,1.0,0.08,0.0,2.6,0.08,1.0,28.469798451314176,2.7260070309880806,7.105427357601002e-15,HYPOTHETICAL / UNSOURCED
obstetric_severity_unmeasured,"full analytic cohort (hypothetical composite, not a validated single diagnosis)",0.08,0.0,1.0,0.08,0.0,2.8,0.08,1.0,28.469798451314176,2.7260070309880806,7.105427357601002e-15,HYPOTHETICAL / UNSOURCED
obstetric_severity_unmeasured,"full analytic cohort (hypothetical composite, not a validated single diagnosis)",0.08,0.0,1.0,0.08,0.0,3.0,0.08,1.0,28.469798451314176,2.7260070309880806,7.105427357601002e-15,HYPOTHETICAL / UNSOURCED
obstetric_severity_unmeasured,"full analytic cohort (hypothetical composite, not a validated single diagnosis)",0.08,0.0,1.0,0.08,0.0,3.2,0.08,1.0,28.469798451314176,2.7260070309880806,7.105427357601002e-15,HYPOTHETICAL / UNSOURCED
obstetric_severity_unmeasured,"full analytic cohort (hypothetical composite, not a validated single diagnosis)",0.08,0.0,1.0,0.08,0.0,3.4,0.08,1.0,28.469798451314176,2.7260070309880806,7.105427357601002e-15,HYPOTHETICAL / UNSOURCED
obstetric_severity_unmeasured,"full analytic cohort (hypothetical composite, not a validated single diagnosis)",0.08,0.0,1.0,0.08,0.0,3.6,0.08,1.0,28.469798451314176,2.7260070309880806,7.105427357601002e-15,HYPOTHETICAL / UNSOURCED
obstetric_severity_unmeasured,"full analytic cohort (hypothetical composite, not a validated single diagnosis)",0.08,0.0,1.0,0.08,0.0,3.8,0.08,1.0,28.469798451314176,2.7260070309880806,7.105427357601002e-15,HYPOTHETICAL / UNSOURCED
obstetric_severity_unmeasured,"full analytic cohort (hypothetical composite, not a validated single diagnosis)",0.08,0.0,1.0,0.08,0.0,4.0,0.08,1.0,28.469798451314176,2.7260070309880806,7.105427357601002e-15,HYPOTHETICAL / UNSOURCED
obstetric_severity_unmeasured,"full analytic cohort (hypothetical composite, not a validated single diagnosis)",0.08,0.0,1.0,0.08,0.0,4.2,0.08,1.0,28.469798451314176,2.7260070309880806,7.105427357601002e-15,HYPOTHETICAL / UNSOURCED
obstetric_severity_unmeasured,"full analytic cohort (hypothetical composite, not a validated single diagnosis)",0.08,0.0,1.0,0.08,0.0,4.4,0.08,1.0,28.469798451314176,2.7260070309880806,7.105427357601002e-15,HYPOTHETICAL / UNSOURCED
obstetric_severity_unmeasured,"full analytic cohort (hypothetical composite, not a validated single diagnosis)",0.08,0.0,1.0,0.08,0.0,4.6,0.08,1.0,28.469798451314176,2.7260070309880806,7.105427357601002e-15,HYPOTHETICAL / UNSOURCED
obstetric_severity_unmeasured,"full analytic cohort (hypothetical composite, not a validated single diagnosis)",0.08,0.0,1.0,0.08,0.0,4.8,0.08,1.0,28.469798451314176,2.7260070309880806,7.105427357601002e-15,HYPOTHETICAL / UNSOURCED
obstetric_severity_unmeasured,"full analytic cohort (hypothetical composite, not a validated single diagnosis)",0.08,0.0,1.0,0.08,0.0,5.0,0.08,1.0,28.469798451314176,2.7260070309880806,7.105427357601002e-15,HYPOTHETICAL / UNSOURCED
obstetric_severity_unmeasured,"full analytic cohort (hypothetical composite, not a validated single diagnosis)",0.08,0.02,1.0,0.08,0.02,1.0,0.1,1.0,28.469798451314176,2.7260070309880806,7.105427357601002e-15,HYPOTHETICAL / UNSOURCED
obstetric_severity_unmeasured,"full analytic cohort (hypothetical composite, not a validated single diagnosis)",0.08,0.02,1.0,0.08,0.02,1.2,0.1,1.0039370078740157,28.293467470456395,2.715316807337147,0.17633098085778798,HYPOTHETICAL / UNSOURCED
obstetric_severity_unmeasured,"full analytic cohort (hypothetical composite, not a validated single diagnosis)",0.08,0.02,1.0,0.08,0.02,1.4,0.1,1.007751937984496,28.123918450400847,2.7050377461343267,0.34588000091333626,HYPOTHETICAL / UNSOURCED
obstetric_severity_unmeasured,"full analytic cohort (hypothetical composite, not a validated single diagnosis)",0.08,0.02,1.0,0.08,0.02,1.6,0.1,1.0114503816793894,27.96076750657379,2.6951465740334983,0.5090309447403918,HYPOTHETICAL / UNSOURCED
obstetric_severity_unmeasured,"full analytic cohort (hypothetical composite, not a validated single diagnosis)",0.08,0.02,1.0,0.08,0.02,1.8,0.1,1.0150375939849623,27.8036591902959,2.685621741640109,0.6661392610182837,HYPOTHETICAL / UNSOURCED
obstetric_severity_unmeasured,"full analytic cohort (hypothetical composite, not a validated single diagnosis)",0.08,0.02,1.0,0.08,0.02,2.0,0.1,1.0185185185185186,27.65226390370083,2.676443266788297,0.8175345476133522,HYPOTHETICAL / UNSOURCED
obstetric_severity_unmeasured,"full analytic cohort (hypothetical composite, not a validated single diagnosis)",0.08,0.02,1.0,0.08,0.02,2.2,0.1,1.0218978102189782,27.506275591627023,2.6675925946097645,0.9635228596871599,HYPOTHETICAL / UNSOURCED
obstetric_severity_unmeasured,"full analytic cohort (hypothetical composite, not a validated single diagnosis)",0.08,0.02,1.0,0.08,0.02,2.4,0.1,1.025179856115108,27.365409676468076,2.659052472332233,1.1043887748461074,HYPOTHETICAL / UNSOURCED
obstetric_severity_unmeasured,"full analytic cohort (hypothetical composite, not a validated single diagnosis)",0.08,0.02,1.0,0.08,0.02,2.6,0.1,1.0283687943262412,27.229401206659453,2.650806837029789,1.24039724465473,HYPOTHETICAL / UNSOURCED
obstetric_severity_unmeasured,"full analytic cohort (hypothetical composite, not a validated single diagnosis)",0.08,0.02,1.0,0.08,0.02,2.8,0.1,1.0314685314685315,27.098003193454495,2.642840714788444,1.371795257859688,HYPOTHETICAL / UNSOURCED
obstetric_severity_unmeasured,"full analytic cohort (hypothetical composite, not a validated single diagnosis)",0.08,0.02,1.0,0.08,0.02,3.0,0.1,1.0344827586206897,26.970985114023044,2.6351401299551442,1.4988133372911392,HYPOTHETICAL / UNSOURCED
obstetric_severity_unmeasured,"full analytic cohort (hypothetical composite, not a validated single diagnosis)",0.08,0.02,1.0,0.08,0.02,3.2,0.1,1.0374149659863945,26.848131561786076,2.627692023313101,1.6216668895281074,HYPOTHETICAL / UNSOURCED
obstetric_severity_unmeasured,"full analytic cohort (hypothetical composite, not a validated single diagnosis)",0.08,0.02,1.0,0.08,0.02,3.4,0.1,1.0402684563758389,26.729241027363194,2.620484178175639,1.740557423950989,HYPOTHETICAL / UNSOURCED
obstetric_severity_unmeasured,"full analytic cohort (hypothetical composite, not a validated single diagnosis)",0.08,0.02,1.0,0.08,0.02,3.6,0.1,1.0430463576158941,26.61412479562039,2.613505153518731,1.855673655693792,HYPOTHETICAL / UNSOURCED
obstetric_severity_unmeasured,"full analytic cohort (hypothetical composite, not a validated single diagnosis)",0.08,0.02,1.0,0.08,0.02,3.8,0.1,1.045751633986928,26.50260594611958,2.6067442233823526,1.9671925051946033,HYPOTHETICAL / UNSOURCED
obstetric_severity_unmeasured,"full analytic cohort (hypothetical composite, not a validated single diagnosis)",0.08,0.02,1.0,0.08,0.02,4.0,0.1,1.0483870967741935,26.39451844583415,2.600191321865554,2.0752800054800318,HYPOTHETICAL / UNSOURCED
obstetric_severity_unmeasured,"full analytic cohort (hypothetical composite, not a validated single diagnosis)",0.08,0.02,1.0,0.08,0.02,4.2,0.1,1.0509554140127386,26.289706324345268,2.5938369931219922,2.1800921269689155,HYPOTHETICAL / UNSOURCED
obstetric_severity_unmeasured,"full analytic cohort (hypothetical composite, not a validated single diagnosis)",0.08,0.02,1.0,0.08,0.02,4.4,0.1,1.0534591194968552,26.18802292290082,2.587672345833462,2.2817755284133625,HYPOTHETICAL / UNSOURCED
obstetric_severity_unmeasured,"full analytic cohort (hypothetical composite, not a validated single diagnosis)",0.08,0.02,1.0,0.08,0.02,4.6,0.1,1.0559006211180124,26.08933020973415,2.5816890117004765,2.380468241580033,HYPOTHETICAL / UNSOURCED
obstetric_severity_unmeasured,"full analytic cohort (hypothetical composite, not a validated single diagnosis)",0.08,0.02,1.0,0.08,0.02,4.8,0.1,1.0582822085889572,25.99349815492013,2.57587910754236,2.4763002963940544,HYPOTHETICAL / UNSOURCED
obstetric_severity_unmeasured,"full analytic cohort (hypothetical composite, not a validated single diagnosis)",0.08,0.02,1.0,0.08,0.02,5.0,0.1,1.0606060606060608,25.900404158815093,2.570235200645904,2.5693942924990907,HYPOTHETICAL / UNSOURCED
obstetric_severity_unmeasured,"full analytic cohort (hypothetical composite, not a validated single diagnosis)",0.08,0.04,1.0,0.08,0.04,1.0,0.12,1.0,28.469798451314176,2.7260070309880806,7.105427357601002e-15,HYPOTHETICAL / UNSOURCED
obstetric_severity_unmeasured,"full analytic cohort (hypothetical composite, not a validated single diagnosis)",0.08,0.04,1.0,0.08,0.04,1.2,0.12,1.0078740157480315,28.118514075386575,2.7047101010584864,0.35128437592760875,HYPOTHETICAL / UNSOURCED
obstetric_severity_unmeasured,"full analytic cohort (hypothetical composite, not a validated single diagnosis)",0.08,0.04,1.0,0.08,0.04,1.4,0.12,1.0155038759689923,27.78331906018847,2.6843886030340642,0.6864793911257117,HYPOTHETICAL / UNSOURCED
obstetric_severity_unmeasured,"full analytic cohort (hypothetical composite, not a validated single diagnosis)",0.08,0.04,1.0,0.08,0.04,1.6,0.12,1.0229007633587786,27.463132777014167,2.664977022831631,1.0066656743000166,HYPOTHETICAL / UNSOURCED
obstetric_severity_unmeasured,"full analytic cohort (hypothetical composite, not a validated single diagnosis)",0.08,0.04,1.0,0.08,0.04,1.8,0.12,1.0300751879699248,27.156969250767197,2.6464155848278446,1.312829200546986,HYPOTHETICAL / UNSOURCED
obstetric_severity_unmeasured,"full analytic cohort (hypothetical composite, not a validated single diagnosis)",0.08,0.04,1.0,0.08,0.04,2.0,0.12,1.0370370370370372,26.86392701850225,2.6286496370242203,1.6058714328119343,HYPOTHETICAL / UNSOURCED
obstetric_severity_unmeasured,"full analytic cohort (hypothetical composite, not a validated single diagnosis)",0.08,0.04,1.0,0.08,0.04,2.2,0.12,1.0437956204379564,26.58318026451415,2.611629113603965,1.8866181868000318,HYPOTHETICAL / UNSOURCED
obstetric_severity_unmeasured,"full analytic cohort (hypothetical composite, not a validated single diagnosis)",0.08,0.04,1.0,0.08,0.04,2.4,0.12,1.0503597122302162,26.31397104836116,2.595308063748925,2.1558274029530224,HYPOTHETICAL / UNSOURCED
obstetric_severity_unmeasured,"full analytic cohort (hypothetical composite, not a validated single diagnosis)",0.08,0.04,1.0,0.08,0.04,2.6,0.12,1.0567375886524826,26.055602471784834,2.5796442373779818,2.4141959795293495,HYPOTHETICAL / UNSOURCED
obstetric_severity_unmeasured,"full analytic cohort (hypothetical composite, not a validated single diagnosis)",0.08,0.04,1.0,0.08,0.04,2.8,0.12,1.0629370629370627,25.80743265481021,2.5645987199427345,2.6623657965039733,HYPOTHETICAL / UNSOURCED
obstetric_severity_unmeasured,"full analytic cohort (hypothetical composite, not a validated single diagnosis)",0.08,0.04,1.0,0.08,0.04,3.0,0.12,1.0689655172413792,25.568869411395866,2.5501356096340113,2.900929039918317,HYPOTHETICAL / UNSOURCED
obstetric_severity_unmeasured,"full analytic cohort (hypothetical composite, not a validated single diagnosis)",0.08,0.04,1.0,0.08,0.04,3.2,0.12,1.074829931972789,25.33936553165549,2.5362217313623283,3.130432919658695,HYPOTHETICAL / UNSOURCED
obstetric_severity_unmeasured,"full analytic cohort (hypothetical composite, not a validated single diagnosis)",0.08,0.04,1.0,0.08,0.04,3.4,0.12,1.0805369127516777,25.118414591532773,2.522826382715677,3.3513838597814107,HYPOTHETICAL / UNSOURCED
obstetric_severity_unmeasured,"full analytic cohort (hypothetical composite, not a validated single diagnosis)",0.08,0.04,1.0,0.08,0.04,3.6,0.12,1.086092715231788,24.90554722239015,2.509921107800001,3.5642512289240322,HYPOTHETICAL / UNSOURCED
obstetric_severity_unmeasured,"full analytic cohort (hypothetical composite, not a validated single diagnosis)",0.08,0.04,1.0,0.08,0.04,3.8,0.12,1.091503267973856,24.700327782677807,2.497479495456146,3.7694706686363766,HYPOTHETICAL / UNSOURCED
obstetric_severity_unmeasured,"full analytic cohort (hypothetical composite, not a validated single diagnosis)",0.08,0.04,1.0,0.08,0.04,4.0,0.12,1.096774193548387,24.502351382014133,2.4854769988420737,3.96744706930005,HYPOTHETICAL / UNSOURCED
obstetric_severity_unmeasured,"full analytic cohort (hypothetical composite, not a validated single diagnosis)",0.08,0.04,1.0,0.08,0.04,4.2,0.12,1.1019108280254777,24.311241214899486,2.473890773786871,4.158557236414698,HYPOTHETICAL / UNSOURCED
obstetric_severity_unmeasured,"full analytic cohort (hypothetical composite, not a validated single diagnosis)",0.08,0.04,1.0,0.08,0.04,4.4,0.12,1.1069182389937107,24.126646167118288,2.462699533676732,4.343152284195895,HYPOTHETICAL / UNSOURCED
obstetric_severity_unmeasured,"full analytic cohort (hypothetical composite, not a validated single diagnosis)",0.08,0.04,1.0,0.08,0.04,4.6,0.12,1.111801242236025,23.948238662838136,2.451883418933413,4.521559788476047,HYPOTHETICAL / UNSOURCED
obstetric_severity_unmeasured,"full analytic cohort (hypothetical composite, not a validated single diagnosis)",0.08,0.04,1.0,0.08,0.04,4.8,0.12,1.1165644171779143,23.77571272463316,2.4414238794014125,4.694085726681024,HYPOTHETICAL / UNSOURCED
obstetric_severity_unmeasured,"full analytic cohort (hypothetical composite, not a validated single diagnosis)",0.08,0.04,1.0,0.08,0.04,5.0,0.12,1.1212121212121213,23.60878222226186,2.431303568178558,4.861016229052325,HYPOTHETICAL / UNSOURCED
obstetric_severity_unmeasured,"full analytic cohort (hypothetical composite, not a validated single diagnosis)",0.08,0.06,1.0,0.08,0.06,1.0,0.14,1.0,28.469798451314176,2.7260070309880806,7.105427357601002e-15,HYPOTHETICAL / UNSOURCED
obstetric_severity_unmeasured,"full analytic cohort (hypothetical composite, not a validated single diagnosis)",0.08,0.06,1.0,0.08,0.06,1.2,0.14,1.0118110236220472,27.94492218533674,2.694185937241138,0.5248762659774435,HYPOTHETICAL / UNSOURCED
obstetric_severity_unmeasured,"full analytic cohort (hypothetical composite, not a validated single diagnosis)",0.08,0.06,1.0,0.08,0.06,1.4,0.14,1.0232558139534884,27.447880266797497,2.6640523257383513,1.0219181845166858,HYPOTHETICAL / UNSOURCED
obstetric_severity_unmeasured,"full analytic cohort (hypothetical composite, not a validated single diagnosis)",0.08,0.06,1.0,0.08,0.06,1.6,0.14,1.034351145038168,26.97651579054442,2.6354754321729783,1.493282660769765,HYPOTHETICAL / UNSOURCED
obstetric_severity_unmeasured,"full analytic cohort (hypothetical composite, not a validated single diagnosis)",0.08,0.06,1.0,0.08,0.06,1.8,0.14,1.0451127819548873,26.528889093670983,2.6083376627439905,1.9409093576432,HYPOTHETICAL / UNSOURCED
obstetric_severity_unmeasured,"full analytic cohort (hypothetical composite, not a validated single diagnosis)",0.08,0.06,1.0,0.08,0.06,2.0,0.14,1.0555555555555558,26.103251076643964,2.5825329767255494,2.366547374670219,HYPOTHETICAL / UNSOURCED
obstetric_severity_unmeasured,"full analytic cohort (hypothetical composite, not a validated single diagnosis)",0.08,0.06,1.0,0.08,0.06,2.2,0.14,1.0656934306569346,25.698020361803174,2.5579655016805956,2.7717780895110096,HYPOTHETICAL / UNSOURCED
obstetric_severity_unmeasured,"full analytic cohort (hypothetical composite, not a validated single diagnosis)",0.08,0.06,1.0,0.08,0.06,2.4,0.14,1.075539568345324,25.311763660366303,2.5345483431929305,3.1580347909478803,HYPOTHETICAL / UNSOURCED
obstetric_severity_unmeasured,"full analytic cohort (hypothetical composite, not a validated single diagnosis)",0.08,0.06,1.0,0.08,0.06,2.6,0.14,1.0851063829787237,24.943178834158566,2.512202557969407,3.5266196171556174,HYPOTHETICAL / UNSOURCED
obstetric_severity_unmeasured,"full analytic cohort (hypothetical composite, not a validated single diagnosis)",0.08,0.06,1.0,0.08,0.06,2.8,0.14,1.0944055944055944,24.591080230209332,2.4908562647367125,3.878718221104851,HYPOTHETICAL / UNSOURCED
obstetric_severity_unmeasured,"full analytic cohort (hypothetical composite, not a validated single diagnosis)",0.08,0.06,1.0,0.08,0.06,3.0,0.14,1.103448275862069,24.254385940182875,2.470443871832948,4.2154125111313085,HYPOTHETICAL / UNSOURCED
obstetric_severity_unmeasured,"full analytic cohort (hypothetical composite, not a validated single diagnosis)",0.08,0.06,1.0,0.08,0.06,3.2,0.14,1.1122448979591837,23.93210669621259,2.450905404007632,4.537691755101594,HYPOTHETICAL / UNSOURCED
obstetric_severity_unmeasured,"full analytic cohort (hypothetical composite, not a validated single diagnosis)",0.08,0.06,1.0,0.08,0.06,3.4,0.14,1.1208053691275166,23.623336163067417,2.4321859138755935,4.846462288246766,HYPOTHETICAL / UNSOURCED
obstetric_severity_unmeasured,"full analytic cohort (hypothetical composite, not a validated single diagnosis)",0.08,0.06,1.0,0.08,0.06,3.6,0.14,1.129139072847682,23.327242426004435,2.4142349658604116,5.142556025309748,HYPOTHETICAL / UNSOURCED
obstetric_severity_unmeasured,"full analytic cohort (hypothetical composite, not a validated single diagnosis)",0.08,0.06,1.0,0.08,0.06,3.8,0.14,1.1372549019607843,23.04306050594974,2.3970061824205535,5.426737945364444,HYPOTHETICAL / UNSOURCED
obstetric_severity_unmeasured,"full analytic cohort (hypothetical composite, not a validated single diagnosis)",0.08,0.06,1.0,0.08,0.06,4.0,0.14,1.1451612903225805,22.770085760207063,2.3804568439614227,5.69971269110712,HYPOTHETICAL / UNSOURCED
obstetric_severity_unmeasured,"full analytic cohort (hypothetical composite, not a validated single diagnosis)",0.08,0.06,1.0,0.08,0.06,4.2,0.14,1.1528662420382165,22.507668048830126,2.364547535166457,5.962130402484057,HYPOTHETICAL / UNSOURCED
obstetric_severity_unmeasured,"full analytic cohort (hypothetical composite, not a validated single diagnosis)",0.08,0.06,1.0,0.08,0.06,4.4,0.14,1.1603773584905661,22.255206564985098,2.3492418315832237,6.214591886329085,HYPOTHETICAL / UNSOURCED
obstetric_severity_unmeasured,"full analytic cohort (hypothetical composite, not a validated single diagnosis)",0.08,0.06,1.0,0.08,0.06,4.6,0.14,1.1677018633540375,22.0121452427726,2.3345060212185156,6.457653208541583,HYPOTHETICAL / UNSOURCED
obstetric_severity_unmeasured,"full analytic cohort (hypothetical composite, not a validated single diagnosis)",0.08,0.06,1.0,0.08,0.06,4.8,0.14,1.1748466257668713,21.77796866863054,2.3203088566634835,6.691829782683644,HYPOTHETICAL / UNSOURCED
obstetric_severity_unmeasured,"full analytic cohort (hypothetical composite, not a validated single diagnosis)",0.08,0.06,1.0,0.08,0.06,5.0,0.14,1.181818181818182,21.552198433047415,2.306621333912991,6.917600018266768,HYPOTHETICAL / UNSOURCED
obstetric_severity_unmeasured,"full analytic cohort (hypothetical composite, not a validated single diagnosis)",0.08,0.08,1.0,0.08,0.08,1.0,0.16,0.9999999999999999,28.469798451314187,2.726007030988081,-3.552713678800501e-15,HYPOTHETICAL / UNSOURCED
obstetric_severity_unmeasured,"full analytic cohort (hypothetical composite, not a validated single diagnosis)",0.08,0.08,1.0,0.08,0.08,1.2,0.16,1.015748031496063,27.77267596885319,2.6837433560890407,0.6971224824609941,HYPOTHETICAL / UNSOURCED
obstetric_severity_unmeasured,"full analytic cohort (hypothetical composite, not a validated single diagnosis)",0.08,0.08,1.0,0.08,0.08,1.4,0.16,1.0310077519379846,27.117485665788344,2.6440218571237772,1.3523127855258394,HYPOTHETICAL / UNSOURCED
obstetric_severity_unmeasured,"full analytic cohort (hypothetical composite, not a validated single diagnosis)",0.08,0.08,1.0,0.08,0.08,1.6,0.16,1.0458015267175573,26.500554650493708,2.6066198617477263,1.9692438008204753,HYPOTHETICAL / UNSOURCED
obstetric_severity_unmeasured,"full analytic cohort (hypothetical composite, not a validated single diagnosis)",0.08,0.08,1.0,0.08,0.08,1.8,0.16,1.0601503759398496,25.918626813371827,2.5713399654001043,2.551171637942357,HYPOTHETICAL / UNSOURCED
obstetric_severity_unmeasured,"full analytic cohort (hypothetical composite, not a validated single diagnosis)",0.08,0.08,1.0,0.08,0.08,2.0,0.16,1.0740740740740744,25.368805339677348,2.53800654609235,3.1009931116368357,HYPOTHETICAL / UNSOURCED
obstetric_severity_unmeasured,"full analytic cohort (hypothetical composite, not a validated single diagnosis)",0.08,0.08,1.0,0.08,0.08,2.2,0.16,1.0875912408759127,24.84850448202016,2.5064628405729326,3.6212939692940225,HYPOTHETICAL / UNSOURCED
obstetric_severity_unmeasured,"full analytic cohort (hypothetical composite, not a validated single diagnosis)",0.08,0.08,1.0,0.08,0.08,2.4,0.16,1.1007194244604317,24.355408897965976,2.476568479132962,4.114389553348207,HYPOTHETICAL / UNSOURCED
obstetric_severity_unmeasured,"full analytic cohort (hypothetical composite, not a validated single diagnosis)",0.08,0.08,1.0,0.08,0.08,2.6,0.16,1.1134751773049647,23.887439203545114,2.448197397256811,4.5823592477690696,HYPOTHETICAL / UNSOURCED
obstetric_severity_unmeasured,"full analytic cohort (hypothetical composite, not a validated single diagnosis)",0.08,0.08,1.0,0.08,0.08,2.8,0.16,1.125874125874126,23.44272266164206,2.421236058579475,5.027075789672125,HYPOTHETICAL / UNSOURCED
obstetric_severity_unmeasured,"full analytic cohort (hypothetical composite, not a validated single diagnosis)",0.08,0.08,1.0,0.08,0.08,3.0,0.16,1.1379310344827587,23.019568133891887,2.3955819363228588,5.450230317422296,HYPOTHETICAL / UNSOURCED
obstetric_severity_unmeasured,"full analytic cohort (hypothetical composite, not a validated single diagnosis)",0.08,0.08,1.0,0.08,0.08,3.2,0.16,1.1496598639455784,22.616444589703843,2.3711422103860818,5.853353861610341,HYPOTHETICAL / UNSOURCED
obstetric_severity_unmeasured,"full analytic cohort (hypothetical composite, not a validated single diagnosis)",0.08,0.08,1.0,0.08,0.08,3.4,0.16,1.161073825503356,22.231962596692128,2.3478326451862657,6.237835854622055,HYPOTHETICAL / UNSOURCED
obstetric_severity_unmeasured,"full analytic cohort (hypothetical composite, not a validated single diagnosis)",0.08,0.08,1.0,0.08,0.08,3.6,0.16,1.1721854304635764,21.864858320878678,2.3255766196564975,6.604940130435505,HYPOTHETICAL / UNSOURCED
obstetric_severity_unmeasured,"full analytic cohort (hypothetical composite, not a validated single diagnosis)",0.08,0.08,1.0,0.08,0.08,3.8,0.16,1.1830065359477127,21.513979648416107,2.304304285862852,6.955818802898076,HYPOTHETICAL / UNSOURCED
obstetric_severity_unmeasured,"full analytic cohort (hypothetical composite, not a validated single diagnosis)",0.08,0.08,1.0,0.08,0.08,4.0,0.16,1.1935483870967745,21.178274107735696,2.2839518367737965,7.291524343578487,HYPOTHETICAL / UNSOURCED
obstetric_severity_unmeasured,"full analytic cohort (hypothetical composite, not a validated single diagnosis)",0.08,0.08,1.0,0.08,0.08,4.2,0.16,1.2038216560509556,20.856778325390973,2.2644608670112625,7.61302012592321,HYPOTHETICAL / UNSOURCED
obstetric_severity_unmeasured,"full analytic cohort (hypothetical composite, not a validated single diagnosis)",0.08,0.08,1.0,0.08,0.08,4.4,0.16,1.2138364779874216,20.548608793091617,2.245777813093807,7.921189658222566,HYPOTHETICAL / UNSOURCED
obstetric_severity_unmeasured,"full analytic cohort (hypothetical composite, not a validated single diagnosis)",0.08,0.08,1.0,0.08,0.08,4.6,0.16,1.22360248447205,20.25295375956584,2.227853461873507,8.216844691748342,HYPOTHETICAL / UNSOURCED
obstetric_severity_unmeasured,"full analytic cohort (hypothetical composite, not a validated single diagnosis)",0.08,0.08,1.0,0.08,0.08,4.8,0.16,1.2331288343558284,19.969066090558506,2.2106425176669506,8.500732360755677,HYPOTHETICAL / UNSOURCED
obstetric_severity_unmeasured,"full analytic cohort (hypothetical composite, not a validated single diagnosis)",0.08,0.08,1.0,0.08,0.08,5.0,0.16,1.2424242424242427,19.696256964731948,2.194103220063577,8.773541486582236,HYPOTHETICAL / UNSOURCED
obstetric_severity_unmeasured,"full analytic cohort (hypothetical composite, not a validated single diagnosis)",0.08,0.1,1.0,0.08,0.1,1.0,0.18,1.0,28.469798451314176,2.7260070309880806,7.105427357601002e-15,HYPOTHETICAL / UNSOURCED
obstetric_severity_unmeasured,"full analytic cohort (hypothetical composite, not a validated single diagnosis)",0.08,0.1,1.0,0.08,0.1,1.2,0.18,1.0196850393700787,27.60175983898341,2.6733814126292375,0.8680386123307748,HYPOTHETICAL / UNSOURCED
obstetric_severity_unmeasured,"full analytic cohort (hypothetical composite, not a validated single diagnosis)",0.08,0.1,1.0,0.08,0.1,1.4,0.18,1.0387596899224807,26.79202232748082,2.624290350727331,1.6777761238333646,HYPOTHETICAL / UNSOURCED
obstetric_severity_unmeasured,"full analytic cohort (hypothetical composite, not a validated single diagnosis)",0.08,0.1,1.0,0.08,0.1,1.6,0.18,1.0572519083969467,26.034903138025335,2.578389321728798,2.4348953132888482,HYPOTHETICAL / UNSOURCED
obstetric_severity_unmeasured,"full analytic cohort (hypothetical composite, not a validated single diagnosis)",0.08,0.1,1.0,0.08,0.1,1.8,0.18,1.0751879699248121,25.32543480664746,2.5353771686812214,3.144363644666722,HYPOTHETICAL / UNSOURCED
obstetric_severity_unmeasured,"full analytic cohort (hypothetical composite, not a validated single diagnosis)",0.08,0.1,1.0,0.08,0.1,2.0,0.18,1.0925925925925928,24.65925606837062,2.49498948598909,3.810542382943563,HYPOTHETICAL / UNSOURCED
obstetric_severity_unmeasured,"full analytic cohort (hypothetical composite, not a validated single diagnosis)",0.08,0.1,1.0,0.08,0.1,2.2,0.18,1.1094890510948907,24.032522123807535,2.4569931792458353,4.437276327506648,HYPOTHETICAL / UNSOURCED
obstetric_severity_unmeasured,"full analytic cohort (hypothetical composite, not a validated single diagnosis)",0.08,0.1,1.0,0.08,0.1,2.4,0.18,1.1258992805755397,23.44183038691901,2.421181963625196,5.027968064395175,HYPOTHETICAL / UNSOURCED
obstetric_severity_unmeasured,"full analytic cohort (hypothetical composite, not a validated single diagnosis)",0.08,0.1,1.0,0.08,0.1,2.6,0.18,1.1418439716312059,22.88415868501182,2.387372617200741,5.585639766302364,HYPOTHETICAL / UNSOURCED
obstetric_severity_unmeasured,"full analytic cohort (hypothetical composite, not a validated single diagnosis)",0.08,0.1,1.0,0.08,0.1,2.8,0.18,1.1573426573426575,22.35681354091228,2.355401845506317,6.112984910401902,HYPOTHETICAL / UNSOURCED
obstetric_severity_unmeasured,"full analytic cohort (hypothetical composite, not a validated single diagnosis)",0.08,0.1,1.0,0.08,0.1,3.0,0.18,1.1724137931034484,21.857386669147427,2.3251236440780687,6.612411782166756,HYPOTHETICAL / UNSOURCED
obstetric_severity_unmeasured,"full analytic cohort (hypothetical composite, not a validated single diagnosis)",0.08,0.1,1.0,0.08,0.1,3.2,0.18,1.1870748299319729,21.38371820337617,2.296407069084515,7.086080247938014,HYPOTHETICAL / UNSOURCED
obstetric_severity_unmeasured,"full analytic cohort (hypothetical composite, not a validated single diagnosis)",0.08,0.1,1.0,0.08,0.1,3.4,0.18,1.2013422818791948,20.93386547052078,2.2691343442303014,7.535932980793405,HYPOTHETICAL / UNSOURCED
obstetric_severity_unmeasured,"full analytic cohort (hypothetical composite, not a validated single diagnosis)",0.08,0.1,1.0,0.08,0.1,3.6,0.18,1.2152317880794703,20.506076359440325,2.2431992462081753,7.9637220918738585,HYPOTHETICAL / UNSOURCED
obstetric_severity_unmeasured,"full analytic cohort (hypothetical composite, not a validated single diagnosis)",0.08,0.1,1.0,0.08,0.1,3.8,0.18,1.2287581699346406,20.098766514315844,2.2185057220275337,8.371031936998339,HYPOTHETICAL / UNSOURCED
obstetric_severity_unmeasured,"full analytic cohort (hypothetical composite, not a validated single diagnosis)",0.08,0.1,1.0,0.08,0.1,4.0,0.18,1.2419354838709677,19.710499726885498,2.194966700276117,8.759298724428685,HYPOTHETICAL / UNSOURCED
obstetric_severity_unmeasured,"full analytic cohort (hypothetical composite, not a validated single diagnosis)",0.08,0.1,1.0,0.08,0.1,4.2,0.18,1.2547770700636942,19.339971016038255,2.1725030653052215,9.129827435275928,HYPOTHETICAL / UNSOURCED
obstetric_severity_unmeasured,"full analytic cohort (hypothetical composite, not a validated single diagnosis)",0.08,0.1,1.0,0.08,0.1,4.4,0.18,1.2672955974842768,18.98599197465814,2.1510427688690066,9.483806476656042,HYPOTHETICAL / UNSOURCED
obstetric_severity_unmeasured,"full analytic cohort (hypothetical composite, not a validated single diagnosis)",0.08,0.1,1.0,0.08,0.1,4.6,0.18,1.2795031055900623,18.64747803702764,2.130520058199422,9.822320414286544,HYPOTHETICAL / UNSOURCED
obstetric_severity_unmeasured,"full analytic cohort (hypothetical composite, not a validated single diagnosis)",0.08,0.1,1.0,0.08,0.1,4.8,0.18,1.2914110429447854,18.32343737939085,2.110874803092908,10.146361071923334,HYPOTHETICAL / UNSOURCED
obstetric_severity_unmeasured,"full analytic cohort (hypothetical composite, not a validated single diagnosis)",0.08,0.1,1.0,0.08,0.1,5.0,0.18,1.3030303030303032,18.012961214399315,2.0920519075024804,10.456837236914868,HYPOTHETICAL / UNSOURCED
obstetric_severity_unmeasured,"full analytic cohort (hypothetical composite, not a validated single diagnosis)",0.08,0.12,1.0,0.08,0.12,1.0,0.2,1.0,28.469798451314176,2.7260070309880806,7.105427357601002e-15,HYPOTHETICAL / UNSOURCED
obstetric_severity_unmeasured,"full analytic cohort (hypothetical composite, not a validated single diagnosis)",0.08,0.12,1.0,0.08,0.12,1.2,0.2,1.0236220472440944,27.432158448574167,2.6630991764268175,1.0376400027400159,HYPOTHETICAL / UNSOURCED
obstetric_severity_unmeasured,"full analytic cohort (hypothetical composite, not a validated single diagnosis)",0.08,0.12,1.0,0.08,0.12,1.4,0.2,1.0465116279069768,26.471380668259336,2.6048511629441657,1.9984177830548475,HYPOTHETICAL / UNSOURCED
obstetric_severity_unmeasured,"full analytic cohort (hypothetical composite, not a validated single diagnosis)",0.08,0.12,1.0,0.08,0.12,1.6,0.2,1.0687022900763359,25.579229872252718,2.5507637218531327,2.8905685790614655,HYPOTHETICAL / UNSOURCED
obstetric_severity_unmeasured,"full analytic cohort (hypothetical composite, not a validated single diagnosis)",0.08,0.12,1.0,0.08,0.12,1.8,0.2,1.0902255639097744,24.748606717349997,2.500406449113205,3.7211917339641865,HYPOTHETICAL / UNSOURCED
obstetric_severity_unmeasured,"full analytic cohort (hypothetical composite, not a validated single diagnosis)",0.08,0.12,1.0,0.08,0.12,2.0,0.2,1.1111111111111112,23.973358439440783,2.4534063278892724,4.4964400118734,HYPOTHETICAL / UNSOURCED
obstetric_severity_unmeasured,"full analytic cohort (hypothetical composite, not a validated single diagnosis)",0.08,0.12,1.0,0.08,0.12,2.2,0.2,1.1313868613138687,23.24812617946121,2.409438472550755,5.221672271852974,HYPOTHETICAL / UNSOURCED
obstetric_severity_unmeasured,"full analytic cohort (hypothetical composite, not a validated single diagnosis)",0.08,0.12,1.0,0.08,0.12,2.4,0.2,1.1510791366906477,22.568220935730345,2.3682186081708947,5.901577515583838,HYPOTHETICAL / UNSOURCED
obstetric_severity_unmeasured,"full analytic cohort (hypothetical composite, not a validated single diagnosis)",0.08,0.12,1.0,0.08,0.12,2.6,0.2,1.170212765957447,21.92952207040742,2.3294969173898137,6.540276380906764,HYPOTHETICAL / UNSOURCED
obstetric_severity_unmeasured,"full analytic cohort (hypothetical composite, not a validated single diagnosis)",0.08,0.12,1.0,0.08,0.12,2.8,0.2,1.188811188811189,21.32839372657408,2.2930529731252673,7.141404724740102,HYPOTHETICAL / UNSOURCED
obstetric_severity_unmeasured,"full analytic cohort (hypothetical composite, not a validated single diagnosis)",0.08,0.12,1.0,0.08,0.12,3.0,0.2,1.2068965517241381,20.76161557381693,2.258691539961552,7.708182877497254,HYPOTHETICAL / UNSOURCED
obstetric_severity_unmeasured,"full analytic cohort (hypothetical composite, not a validated single diagnosis)",0.08,0.12,1.0,0.08,0.12,3.2,0.2,1.2244897959183676,20.226325096212953,2.226239075306932,8.24347335510123,HYPOTHETICAL / UNSOURCED
obstetric_severity_unmeasured,"full analytic cohort (hypothetical composite, not a validated single diagnosis)",0.08,0.12,1.0,0.08,0.12,3.4,0.2,1.2416107382550339,19.719969239020006,2.1955407979309403,8.749829212294177,HYPOTHETICAL / UNSOURCED
obstetric_severity_unmeasured,"full analytic cohort (hypothetical composite, not a validated single diagnosis)",0.08,0.12,1.0,0.08,0.12,3.6,0.2,1.2582781456953644,19.240263690100374,2.1664582193642112,9.22953476121381,HYPOTHETICAL / UNSOURCED
obstetric_severity_unmeasured,"full analytic cohort (hypothetical composite, not a validated single diagnosis)",0.08,0.12,1.0,0.08,0.12,3.8,0.2,1.2745098039215688,18.78515842574072,2.1388670550829554,9.684640025573465,HYPOTHETICAL / UNSOURCED
obstetric_severity_unmeasured,"full analytic cohort (hypothetical composite, not a validated single diagnosis)",0.08,0.12,1.0,0.08,0.12,4.0,0.2,1.2903225806451615,18.352808424599043,2.112655449015762,10.11699002671514,HYPOTHETICAL / UNSOURCED
obstetric_severity_unmeasured,"full analytic cohort (hypothetical composite, not a validated single diagnosis)",0.08,0.12,1.0,0.08,0.12,4.2,0.2,1.3057324840764333,17.941548667415503,2.087722457878676,10.52824978389868,HYPOTHETICAL / UNSOURCED
obstetric_severity_unmeasured,"full analytic cohort (hypothetical composite, not a validated single diagnosis)",0.08,0.12,1.0,0.08,0.12,4.4,0.2,1.3207547169811322,17.549872708193085,2.0639767520338324,10.919925743121098,HYPOTHETICAL / UNSOURCED
obstetric_severity_unmeasured,"full analytic cohort (hypothetical composite, not a validated single diagnosis)",0.08,0.12,1.0,0.08,0.12,4.6,0.2,1.3354037267080747,17.17641423544612,2.041335497623632,11.293384215868063,HYPOTHETICAL / UNSOURCED
obstetric_severity_unmeasured,"full analytic cohort (hypothetical composite, not a validated single diagnosis)",0.08,0.12,1.0,0.08,0.12,4.8,0.2,1.3496932515337425,16.819931147824025,2.0197233911411687,11.649867303490158,HYPOTHETICAL / UNSOURCED
obstetric_severity_unmeasured,"full analytic cohort (hypothetical composite, not a validated single diagnosis)",0.08,0.12,1.0,0.08,0.12,5.0,0.2,1.3636363636363638,16.47929175298513,1.9990718227245923,11.990506698329053,HYPOTHETICAL / UNSOURCED
obstetric_severity_unmeasured,"full analytic cohort (hypothetical composite, not a validated single diagnosis)",0.08,0.14,1.0,0.08,0.14,1.0,0.22000000000000003,1.0,28.469798451314176,2.7260070309880806,7.105427357601002e-15,HYPOTHETICAL / UNSOURCED
obstetric_severity_unmeasured,"full analytic cohort (hypothetical composite, not a validated single diagnosis)",0.08,0.14,1.0,0.08,0.14,1.2,0.22000000000000003,1.0275590551181102,27.263856685677634,2.652895731306408,1.205941765636549,HYPOTHETICAL / UNSOURCED
obstetric_severity_unmeasured,"full analytic cohort (hypothetical composite, not a validated single diagnosis)",0.08,0.14,1.0,0.08,0.14,1.4,0.22000000000000003,1.054263565891473,26.15545432755581,2.5856978455695763,2.3143441237583744,HYPOTHETICAL / UNSOURCED
obstetric_severity_unmeasured,"full analytic cohort (hypothetical composite, not a validated single diagnosis)",0.08,0.14,1.0,0.08,0.14,1.6,0.22000000000000003,1.0801526717557253,25.13321752377562,2.5237238237416153,3.336580927538563,HYPOTHETICAL / UNSOURCED
obstetric_severity_unmeasured,"full analytic cohort (hypothetical composite, not a validated single diagnosis)",0.08,0.14,1.0,0.08,0.14,1.8,0.22000000000000003,1.105263157894737,24.187474630482374,2.4663873137511203,4.2823238208318095,HYPOTHETICAL / UNSOURCED
obstetric_severity_unmeasured,"full analytic cohort (hypothetical composite, not a validated single diagnosis)",0.08,0.14,1.0,0.08,0.14,2.0,0.22000000000000003,1.1296296296296298,23.309949257361104,2.413186552022235,5.159849193953079,HYPOTHETICAL / UNSOURCED
obstetric_severity_unmeasured,"full analytic cohort (hypothetical composite, not a validated single diagnosis)",0.08,0.14,1.0,0.08,0.14,2.2,0.22000000000000003,1.1532846715328469,22.49351742287486,2.363689640793462,5.976281028439324,HYPOTHETICAL / UNSOURCED
obstetric_severity_unmeasured,"full analytic cohort (hypothetical composite, not a validated single diagnosis)",0.08,0.14,1.0,0.08,0.14,2.4,0.22000000000000003,1.1762589928057556,21.732013724042115,2.317522796986808,6.737784727272068,HYPOTHETICAL / UNSOURCED
obstetric_severity_unmeasured,"full analytic cohort (hypothetical composite, not a validated single diagnosis)",0.08,0.14,1.0,0.08,0.14,2.6,0.22000000000000003,1.1985815602836882,21.020075354719207,2.2743608956764456,7.449723096594976,HYPOTHETICAL / UNSOURCED
obstetric_severity_unmeasured,"full analytic cohort (hypothetical composite, not a validated single diagnosis)",0.08,0.14,1.0,0.08,0.14,2.8,0.22000000000000003,1.2202797202797204,20.35301562185791,2.2339198018985416,8.116782829456273,HYPOTHETICAL / UNSOURCED
obstetric_severity_unmeasured,"full analytic cohort (hypothetical composite, not a validated single diagnosis)",0.08,0.14,1.0,0.08,0.14,3.0,0.22000000000000003,1.2413793103448278,19.726720650449245,2.1959501082959534,8.743077800864938,HYPOTHETICAL / UNSOURCED
obstetric_severity_unmeasured,"full analytic cohort (hypothetical composite, not a validated single diagnosis)",0.08,0.14,1.0,0.08,0.14,3.2,0.22000000000000003,1.261904761904762,19.137564464407138,2.160231986820743,9.332233986907045,HYPOTHETICAL / UNSOURCED
obstetric_severity_unmeasured,"full analytic cohort (hypothetical composite, not a validated single diagnosis)",0.08,0.14,1.0,0.08,0.14,3.4,0.22000000000000003,1.2818791946308727,18.58233873934127,2.1265709299331097,9.887459711972912,HYPOTHETICAL / UNSOURCED
obstetric_severity_unmeasured,"full analytic cohort (hypothetical composite, not a validated single diagnosis)",0.08,0.14,1.0,0.08,0.14,3.6,0.22000000000000003,1.3013245033112586,18.058194352574255,2.09479420701883,10.411604098739929,HYPOTHETICAL / UNSOURCED
obstetric_severity_unmeasured,"full analytic cohort (hypothetical composite, not a validated single diagnosis)",0.08,0.14,1.0,0.08,0.14,3.8,0.22000000000000003,1.320261437908497,17.562592481918323,2.0647478997087934,10.90720596939586,HYPOTHETICAL / UNSOURCED
obstetric_severity_unmeasured,"full analytic cohort (hypothetical composite, not a validated single diagnosis)",0.08,0.14,1.0,0.08,0.14,4.0,0.22000000000000003,1.338709677419355,17.093263481514033,2.0362944086898915,11.37653496980015,HYPOTHETICAL / UNSOURCED
obstetric_severity_unmeasured,"full analytic cohort (hypothetical composite, not a validated single diagnosis)",0.08,0.14,1.0,0.08,0.14,4.2,0.22000000000000003,1.3566878980891721,16.648172129017933,2.009310346784641,11.82162632229625,HYPOTHETICAL / UNSOURCED
obstetric_severity_unmeasured,"full analytic cohort (hypothetical composite, not a validated single diagnosis)",0.08,0.14,1.0,0.08,0.14,4.4,0.22000000000000003,1.3742138364779877,16.225488121498756,1.9836847502384656,12.244310329815427,HYPOTHETICAL / UNSOURCED
obstetric_severity_unmeasured,"full analytic cohort (hypothetical composite, not a validated single diagnosis)",0.08,0.14,1.0,0.08,0.14,4.6,0.22000000000000003,1.3913043478260871,15.823560917920263,1.9593175535226828,12.64623753339392,HYPOTHETICAL / UNSOURCED
obstetric_severity_unmeasured,"full analytic cohort (hypothetical composite, not a validated single diagnosis)",0.08,0.14,1.0,0.08,0.14,4.8,0.22000000000000003,1.4079754601226997,15.440898199044867,1.9361182834468715,13.028900252269317,HYPOTHETICAL / UNSOURCED
obstetric_severity_unmeasured,"full analytic cohort (hypothetical composite, not a validated single diagnosis)",0.08,0.14,1.0,0.08,0.14,5.0,0.22000000000000003,1.4242424242424245,15.076147352116836,1.914004936651205,13.393651099197347,HYPOTHETICAL / UNSOURCED
obstetric_severity_unmeasured,"full analytic cohort (hypothetical composite, not a validated single diagnosis)",0.08,0.16,1.0,0.08,0.16,1.0,0.24,1.0,28.469798451314176,2.7260070309880806,7.105427357601002e-15,HYPOTHETICAL / UNSOURCED
obstetric_severity_unmeasured,"full analytic cohort (hypothetical composite, not a validated single diagnosis)",0.08,0.16,1.0,0.08,0.16,1.2,0.24,1.031496062992126,27.096839669062767,2.642770175080048,1.3729587822514162,HYPOTHETICAL / UNSOURCED
obstetric_severity_unmeasured,"full analytic cohort (hypothetical composite, not a validated single diagnosis)",0.08,0.16,1.0,0.08,0.16,1.4,0.24,1.0620155038759689,25.844140050220233,2.566824138667609,2.6256584010939505,HYPOTHETICAL / UNSOURCED
obstetric_severity_unmeasured,"full analytic cohort (hypothetical composite, not a validated single diagnosis)",0.08,0.16,1.0,0.08,0.16,1.6,0.24,1.0916030534351144,24.69656207771413,2.49725119621985,3.773236373600053,HYPOTHETICAL / UNSOURCED
obstetric_severity_unmeasured,"full analytic cohort (hypothetical composite, not a validated single diagnosis)",0.08,0.16,1.0,0.08,0.16,1.8,0.24,1.1203007518796992,23.641406492255506,2.4332814437678842,4.828391959058678,HYPOTHETICAL / UNSOURCED
obstetric_severity_unmeasured,"full analytic cohort (hypothetical composite, not a validated single diagnosis)",0.08,0.16,1.0,0.08,0.16,2.0,0.24,1.1481481481481484,22.667940371477535,2.3742641882799407,5.801858079836649,HYPOTHETICAL / UNSOURCED
obstetric_severity_unmeasured,"full analytic cohort (hypothetical composite, not a validated single diagnosis)",0.08,0.16,1.0,0.08,0.16,2.2,0.24,1.175182481751825,21.767030731751355,2.3196457344432733,6.702767719562829,HYPOTHETICAL / UNSOURCED
obstetric_severity_unmeasured,"full analytic cohort (hypothetical composite, not a validated single diagnosis)",0.08,0.16,1.0,0.08,0.16,2.4,0.24,1.2014388489208636,20.93085711404142,2.2689519599242103,7.538941337272764,HYPOTHETICAL / UNSOURCED
obstetric_severity_unmeasured,"full analytic cohort (hypothetical composite, not a validated single diagnosis)",0.08,0.16,1.0,0.08,0.16,2.6,0.24,1.2269503546099294,20.152683978484774,2.2217745165856604,8.31711447282941,HYPOTHETICAL / UNSOURCED
obstetric_severity_unmeasured,"full analytic cohort (hypothetical composite, not a validated single diagnosis)",0.08,0.16,1.0,0.08,0.16,2.8,0.24,1.2517482517482519,19.4266788743621,2.1777598068787456,9.043119576952083,HYPOTHETICAL / UNSOURCED
obstetric_severity_unmeasured,"full analytic cohort (hypothetical composite, not a validated single diagnosis)",0.08,0.16,1.0,0.08,0.16,3.0,0.24,1.2758620689655173,18.74776599320954,2.1366001053690358,9.722032458104643,HYPOTHETICAL / UNSOURCED
obstetric_severity_unmeasured,"full analytic cohort (hypothetical composite, not a validated single diagnosis)",0.08,0.16,1.0,0.08,0.16,3.2,0.24,1.2993197278911566,18.111507324485423,2.098026353692397,10.35829112682876,HYPOTHETICAL / UNSOURCED
obstetric_severity_unmeasured,"full analytic cohort (hypothetical composite, not a validated single diagnosis)",0.08,0.16,1.0,0.08,0.16,3.4,0.24,1.3221476510067114,17.514005528983077,2.06180227216865,10.955792922331106,HYPOTHETICAL / UNSOURCED
obstetric_severity_unmeasured,"full analytic cohort (hypothetical composite, not a validated single diagnosis)",0.08,0.16,1.0,0.08,0.16,3.6,0.24,1.3443708609271523,16.95182403666313,2.0277195156610848,11.517974414651054,HYPOTHETICAL / UNSOURCED
obstetric_severity_unmeasured,"full analytic cohort (hypothetical composite, not a validated single diagnosis)",0.08,0.16,1.0,0.08,0.16,3.8,0.24,1.3660130718954249,16.421920907538585,1.9955936638333795,12.047877543775598,HYPOTHETICAL / UNSOURCED
obstetric_severity_unmeasured,"full analytic cohort (hypothetical composite, not a validated single diagnosis)",0.08,0.16,1.0,0.08,0.16,4.0,0.24,1.3870967741935483,15.921593767016345,1.9652608828053606,12.548204684297838,HYPOTHETICAL / UNSOURCED
obstetric_severity_unmeasured,"full analytic cohort (hypothetical composite, not a validated single diagnosis)",0.08,0.16,1.0,0.08,0.16,4.2,0.24,1.4076433121019107,15.448433711047347,1.936575130611442,13.021364740266836,HYPOTHETICAL / UNSOURCED
obstetric_severity_unmeasured,"full analytic cohort (hypothetical composite, not a validated single diagnosis)",0.08,0.16,1.0,0.08,0.16,4.4,0.24,1.427672955974843,15.00028652147318,1.9094058058462766,13.469511929841003,HYPOTHETICAL / UNSOURCED
obstetric_severity_unmeasured,"full analytic cohort (hypothetical composite, not a validated single diagnosis)",0.08,0.16,1.0,0.08,0.16,4.6,0.24,1.4472049689440998,14.575219873851328,1.883635759609789,13.894578577462855,HYPOTHETICAL / UNSOURCED
obstetric_severity_unmeasured,"full analytic cohort (hypothetical composite, not a validated single diagnosis)",0.08,0.16,1.0,0.08,0.16,4.8,0.24,1.4662576687116569,14.171495484687489,1.8591596069081884,14.298302966626695,HYPOTHETICAL / UNSOURCED
obstetric_severity_unmeasured,"full analytic cohort (hypothetical composite, not a validated single diagnosis)",0.08,0.16,1.0,0.08,0.16,5.0,0.24,1.484848484848485,13.787545351319427,1.8358822861756459,14.682253099994757,HYPOTHETICAL / UNSOURCED
obstetric_severity_unmeasured,"full analytic cohort (hypothetical composite, not a validated single diagnosis)",0.08,0.18,1.0,0.08,0.18,1.0,0.26,1.0,28.469798451314176,2.7260070309880806,7.105427357601002e-15,HYPOTHETICAL / UNSOURCED
obstetric_severity_unmeasured,"full analytic cohort (hypothetical composite, not a validated single diagnosis)",0.08,0.18,1.0,0.08,0.18,1.2,0.26,1.0354330708661417,26.931092743828987,2.632721619281264,1.538705707485196,HYPOTHETICAL / UNSOURCED
obstetric_severity_unmeasured,"full analytic cohort (hypothetical composite, not a validated single diagnosis)",0.08,0.18,1.0,0.08,0.18,1.4,0.26,1.069767441860465,25.53733757400545,2.5482239637497277,2.932460877308735,HYPOTHETICAL / UNSOURCED
obstetric_severity_unmeasured,"full analytic cohort (hypothetical composite, not a validated single diagnosis)",0.08,0.18,1.0,0.08,0.18,1.6,0.26,1.1030534351145036,24.26897214264355,2.4713281734217207,4.200826308670635,HYPOTHETICAL / UNSOURCED
obstetric_severity_unmeasured,"full analytic cohort (hypothetical composite, not a validated single diagnosis)",0.08,0.18,1.0,0.08,0.18,1.8,0.26,1.1353383458646615,23.109803735173717,2.4010525504729454,5.359994716140466,HYPOTHETICAL / UNSOURCED
obstetric_severity_unmeasured,"full analytic cohort (hypothetical composite, not a validated single diagnosis)",0.08,0.18,1.0,0.08,0.18,2.0,0.26,1.1666666666666667,22.046312720066478,2.3365774551326406,6.423485731247705,HYPOTHETICAL / UNSOURCED
obstetric_severity_unmeasured,"full analytic cohort (hypothetical composite, not a validated single diagnosis)",0.08,0.18,1.0,0.08,0.18,2.2,0.26,1.197080291970803,21.067122822010422,2.2772131905205306,7.402675629303761,HYPOTHETICAL / UNSOURCED
obstetric_severity_unmeasured,"full analytic cohort (hypothetical composite, not a validated single diagnosis)",0.08,0.18,1.0,0.08,0.18,2.4,0.26,1.2266187050359714,20.162592564275357,2.2223752334741533,8.307205887038826,HYPOTHETICAL / UNSOURCED
obstetric_severity_unmeasured,"full analytic cohort (hypothetical composite, not a validated single diagnosis)",0.08,0.18,1.0,0.08,0.18,2.6,0.26,1.2553191489361704,19.32449673224965,2.1715649229905045,9.145301719064534,HYPOTHETICAL / UNSOURCED
obstetric_severity_unmeasured,"full analytic cohort (hypothetical composite, not a validated single diagnosis)",0.08,0.18,1.0,0.08,0.18,2.8,0.26,1.2832167832167833,18.54577553682522,2.124354253031583,9.924022914488962,HYPOTHETICAL / UNSOURCED
obstetric_severity_unmeasured,"full analytic cohort (hypothetical composite, not a validated single diagnosis)",0.08,0.18,1.0,0.08,0.18,3.0,0.26,1.310344827586207,17.820335265298247,2.080373786806693,10.649463186015936,HYPOTHETICAL / UNSOURCED
obstetric_severity_unmeasured,"full analytic cohort (hypothetical composite, not a validated single diagnosis)",0.08,0.18,1.0,0.08,0.18,3.2,0.26,1.336734693877551,17.142888497739985,2.0393029697468084,11.326909953574198,HYPOTHETICAL / UNSOURCED
obstetric_severity_unmeasured,"full analytic cohort (hypothetical composite, not a validated single diagnosis)",0.08,0.18,1.0,0.08,0.18,3.4,0.26,1.3624161073825503,16.50882502071501,2.000862303533123,11.960973430599175,HYPOTHETICAL / UNSOURCED
obstetric_severity_unmeasured,"full analytic cohort (hypothetical composite, not a validated single diagnosis)",0.08,0.18,1.0,0.08,0.18,3.6,0.26,1.3874172185430464,15.914106771381316,1.9648069769890222,12.555691679932867,HYPOTHETICAL / UNSOURCED
obstetric_severity_unmeasured,"full analytic cohort (hypothetical composite, not a validated single diagnosis)",0.08,0.18,1.0,0.08,0.18,3.8,0.26,1.411764705882353,15.355181750016783,1.9309216469498902,13.1146167012974,HYPOTHETICAL / UNSOURCED
obstetric_severity_unmeasured,"full analytic cohort (hypothetical composite, not a validated single diagnosis)",0.08,0.18,1.0,0.08,0.18,4.0,0.26,1.435483870967742,14.828913022035348,1.8990161339467526,13.640885429278836,HYPOTHETICAL / UNSOURCED
obstetric_severity_unmeasured,"full analytic cohort (hypothetical composite, not a validated single diagnosis)",0.08,0.18,1.0,0.08,0.18,4.2,0.26,1.4585987261146498,14.332519811362904,1.8689218509394263,14.13727863995128,HYPOTHETICAL / UNSOURCED
obstetric_severity_unmeasured,"full analytic cohort (hypothetical composite, not a validated single diagnosis)",0.08,0.18,1.0,0.08,0.18,4.4,0.26,1.4811320754716981,13.863528349050295,1.8404888234696595,14.606270102263888,HYPOTHETICAL / UNSOURCED
obstetric_severity_unmeasured,"full analytic cohort (hypothetical composite, not a validated single diagnosis)",0.08,0.18,1.0,0.08,0.18,4.6,0.26,1.5031055900621118,13.419730642977623,1.8135831900375248,15.05006780833656,HYPOTHETICAL / UNSOURCED
obstetric_severity_unmeasured,"full analytic cohort (hypothetical composite, not a validated single diagnosis)",0.08,0.18,1.0,0.08,0.18,4.8,0.26,1.5245398773006138,12.999149718309146,1.7880850947728655,15.470648733005037,HYPOTHETICAL / UNSOURCED
obstetric_severity_unmeasured,"full analytic cohort (hypothetical composite, not a validated single diagnosis)",0.08,0.18,1.0,0.08,0.18,5.0,0.26,1.5454545454545456,12.60001017411397,1.763886902404052,15.869788277200213,HYPOTHETICAL / UNSOURCED
obstetric_severity_unmeasured,"full analytic cohort (hypothetical composite, not a validated single diagnosis)",0.08,0.2,1.0,0.08,0.2,1.0,0.28,1.0,28.469798451314176,2.7260070309880806,7.105427357601002e-15,HYPOTHETICAL / UNSOURCED
obstetric_severity_unmeasured,"full analytic cohort (hypothetical composite, not a validated single diagnosis)",0.08,0.2,1.0,0.08,0.2,1.2,0.28,1.0393700787401574,26.76660147711971,2.622749188905199,1.7031969741944728,HYPOTHETICAL / UNSOURCED
obstetric_severity_unmeasured,"full analytic cohort (hypothetical composite, not a validated single diagnosis)",0.08,0.2,1.0,0.08,0.2,1.4,0.28,1.0775193798449612,25.234949521908863,2.529891417247931,3.23484892940532,HYPOTHETICAL / UNSOURCED
obstetric_severity_unmeasured,"full analytic cohort (hypothetical composite, not a validated single diagnosis)",0.08,0.2,1.0,0.08,0.2,1.6,0.28,1.114503816793893,23.850168302129195,2.445937815475607,4.619630149184989,HYPOTHETICAL / UNSOURCED
obstetric_severity_unmeasured,"full analytic cohort (hypothetical composite, not a validated single diagnosis)",0.08,0.2,1.0,0.08,0.2,1.8,0.28,1.150375939849624,22.592099089388178,2.3696662426236257,5.877699361926005,HYPOTHETICAL / UNSOURCED
obstetric_severity_unmeasured,"full analytic cohort (hypothetical composite, not a validated single diagnosis)",0.08,0.2,1.0,0.08,0.2,2.0,0.28,1.1851851851851853,21.444110932761998,2.3000684323961926,7.025687518552186,HYPOTHETICAL / UNSOURCED
obstetric_severity_unmeasured,"full analytic cohort (hypothetical composite, not a validated single diagnosis)",0.08,0.2,1.0,0.08,0.2,2.2,0.28,1.2189781021897812,20.392361304236225,2.236305169133934,8.077437147077958,HYPOTHETICAL / UNSOURCED
obstetric_severity_unmeasured,"full analytic cohort (hypothetical composite, not a validated single diagnosis)",0.08,0.2,1.0,0.08,0.2,2.4,0.28,1.2517985611510793,19.42523520904011,2.1776722833755353,9.044563242274073,HYPOTHETICAL / UNSOURCED
obstetric_severity_unmeasured,"full analytic cohort (hypothetical composite, not a validated single diagnosis)",0.08,0.2,1.0,0.08,0.2,2.6,0.28,1.2836879432624115,18.532914447174083,2.1235745379520403,9.9368840041401,HYPOTHETICAL / UNSOURCED
obstetric_severity_unmeasured,"full analytic cohort (hypothetical composite, not a validated single diagnosis)",0.08,0.2,1.0,0.08,0.2,2.8,0.28,1.3146853146853148,17.707043103744883,2.0735053480388057,10.7627553475693,HYPOTHETICAL / UNSOURCED
obstetric_severity_unmeasured,"full analytic cohort (hypothetical composite, not a validated single diagnosis)",0.08,0.2,1.0,0.08,0.2,3.0,0.28,1.3448275862068968,16.940465087536243,2.0270308691962646,11.52933336377794,HYPOTHETICAL / UNSOURCED
obstetric_severity_unmeasured,"full analytic cohort (hypothetical composite, not a validated single diagnosis)",0.08,0.2,1.0,0.08,0.2,3.2,0.28,1.3741496598639458,16.227016240767814,1.9837773938378604,12.24278221054637,HYPOTHETICAL / UNSOURCED
obstetric_severity_unmeasured,"full analytic cohort (hypothetical composite, not a validated single diagnosis)",0.08,0.2,1.0,0.08,0.2,3.4,0.28,1.4026845637583893,15.561358225840324,1.9434212804651865,12.908440225473859,HYPOTHETICAL / UNSOURCED
obstetric_severity_unmeasured,"full analytic cohort (hypothetical composite, not a validated single diagnosis)",0.08,0.2,1.0,0.08,0.2,3.6,0.28,1.4304635761589404,14.93884471188036,1.9056808411074082,13.530953739433823,HYPOTHETICAL / UNSOURCED
obstetric_severity_unmeasured,"full analytic cohort (hypothetical composite, not a validated single diagnosis)",0.08,0.2,1.0,0.08,0.2,3.8,0.28,1.4575163398692812,14.355412763819226,1.8703097566868891,14.114385687494957,HYPOTHETICAL / UNSOURCED
obstetric_severity_unmeasured,"full analytic cohort (hypothetical composite, not a validated single diagnosis)",0.08,0.2,1.0,0.08,0.2,4.0,0.28,1.4838709677419355,13.807494064770513,1.8370916947963152,14.66230438654367,HYPOTHETICAL / UNSOURCED
obstetric_severity_unmeasured,"full analytic cohort (hypothetical composite, not a validated single diagnosis)",0.08,0.2,1.0,0.08,0.2,4.2,0.28,1.5095541401273886,13.291941871150831,1.8058358812874626,15.177856580163352,HYPOTHETICAL / UNSOURCED
obstetric_severity_unmeasured,"full analytic cohort (hypothetical composite, not a validated single diagnosis)",0.08,0.2,1.0,0.08,0.2,4.4,0.28,1.5345911949685536,12.805970541099493,1.7763734341274786,15.66382791021469,HYPOTHETICAL / UNSOURCED
obstetric_severity_unmeasured,"full analytic cohort (hypothetical composite, not a validated single diagnosis)",0.08,0.2,1.0,0.08,0.2,4.6,0.28,1.5590062111801244,12.347105181648628,1.7485543107134698,16.122693269665554,HYPOTHETICAL / UNSOURCED
obstetric_severity_unmeasured,"full analytic cohort (hypothetical composite, not a validated single diagnosis)",0.08,0.2,1.0,0.08,0.2,4.8,0.28,1.5828220858895707,11.913139492865641,1.7222447521358801,16.556658958448544,HYPOTHETICAL / UNSOURCED
obstetric_severity_unmeasured,"full analytic cohort (hypothetical composite, not a validated single diagnosis)",0.08,0.2,1.0,0.08,0.2,5.0,0.28,1.6060606060606064,11.502100293301373,1.697325132502012,16.96769815801281,HYPOTHETICAL / UNSOURCED
